Rank,Player,Position,School,Class,Photo_Url,Pick,Slot Value,Player Cost,Player Cost Note,
1,Roch Cholowsky,SS,UCLA,C,https://images.sidearmdev.com/resize?url=https%3A%2F%2Fdxbhsrqyrr690.cloudfront.net%2Fsidearm.nextgen.sites%2Fuclabruins.com%2Fimages%2F2025%2F2%2F17%2F2Y5A7791.jpg&height=300&type=webp,1,"$11,350,600","$10,500,000",,
2,Grady Emerson,SS,Fort Worth Christian,H,"https://img.mlbstatic.com/opprops-images/image/upload/ar_1:1,g_auto,c_fill,w_1024/opprops/fuknqtdzanp8z446uho7.jpg",2,"$10,507,000","$10,000,000",,
3,Vahn Lackey,C,Georgia Tech,C,https://ramblinwreck.com/imgproxy/OOMQjpp1i-ZSKCv5NSeJCkOp3RgQSeYm9T0uIUh4cKQ/fit/2500/2500/ce/0/aHR0cHM6Ly9yYW1ibGlud3JlY2suY29tL3dwLWNvbnRlbnQvdXBsb2Fkcy8yMDI0LzExL1ZhaG4tTGFja2V5LUhTLmpwZw.jpg,3,"$9,740,100","$9,740,100",,
4,Justin Lebron,SS,Alabama,C,https://pbs.twimg.com/media/G4njz5zbIAAs35c?format=jpg&name=large,4,"$8,988,400","$8,988,400",,
5,Jacob Lombard,SS,Gulliver Preparatory School,H,"https://img.mlbstatic.com/opprops-images/image/upload/ar_1:1,g_auto,c_fill,w_1024/opprops/yg5u3qkbtoeagumn2khb.jpg",5,"$8,336,500","$8,336,500",,
6,Chris Hacopian,SS,Texas A&M,C,https://pbs.twimg.com/media/G06KMSTWIAANzdT?format=jpg&name=4096x4096,6,"$7,746,100","$7,746,100",,
7,Jackson Flora,RHP,UC Santa Barbara,C,https://ucsbgauchos.com/images/2024/12/22/Jackson_Flora_Baseball_Headshot_2025_0035_QG8HA.jpg,7,"$7,327,200","$7,327,200",,
8,AJ Gracia,OF,Virginia,C,https://virginiasports.com/imgproxy/AYojBO_XSlnkbFjTuCQKQ_z4ORNiJjH4R6LtZl0sZAs/rs:fit:1980:0:0:0/g:ce:0:0/q:90/aHR0cHM6Ly9zdG9yYWdlLmdvb2dsZWFwaXMuY29tL3Zpcmdpbmlhc3BvcnRzLWNvbS1wcm9kLzIwMjYvMDEvMTUvUmJsd3pzakI1VWp4bHA3QUs3d2RpZVNLRzk0ODIxUThMbEsxeVJpaC5qcGc.jpg,8,"$6,982,600","$6,982,600",,
9,"Eric ""EJ"" Booth Jr.",OF,Oak Grove,H,https://pbs.twimg.com/profile_images/1743421103337332736/-68qhS3S_400x400.jpg,9,"$6,675,300","$6,675,300",,
10,Drew Burress,OF,Georgia Tech,C,https://ramblinwreck.com/imgproxy/ABpf7a2IrFc_LOfanWTINYyx2GNPPaoaOnphPcY02BY/fit/2500/2500/ce/0/aHR0cHM6Ly9yYW1ibGlud3JlY2suY29tL3dwLWNvbnRlbnQvdXBsb2Fkcy8yMDI0LzExL0RyZXctQnVycmVzcy1IUy5qcGc.jpg,10,"$6,393,100","$6,393,100",,
11,Gio Rojas,LHP,Marjory Stoneman Douglas,H,https://pbs.twimg.com/profile_images/1813640285219360768/1pLsHmdD_400x400.jpg,11,"$6,133,500","$6,133,500",,
12,Liam Peterson,RHP,Florida,C,"https://images2.minutemediacdn.com/image/upload/c_crop,w_2676,h_1505,x_336,y_120/c_fill,w_720,ar_16:9,f_auto,q_auto,g_auto/images/voltaxMediaLibrary/mmsport/all_gators/01jnxr24e1d3g3jyxvd3.jpg",12,"$5,889,300","$5,889,300",,
13,Carson Bolemon,LHP,Southside Christian,H,"https://img.mlbstatic.com/opprops-images/image/upload/ar_1:1,g_auto,c_fill,w_1024/opprops/o76mxaqb05lzntatfcpa.jpg",13,"$5,661,300","$5,661,300",,
14,Sawyer Strosnider,OF,TCU,C,https://gofrogs.com/images/2024/10/30/Sawyer_Stronsnider_Headshot.png,14,"$5,444,900","$5,444,900",,
15,Cameron Flukey,RHP,Coastal Carolina,C,https://goccusports.com/images/2024/9/10/Flukey-Cameron.png,15,"$5,241,000","$5,241,000",,
16,Logan Reddemann,RHP,UCLA,C,https://pbs.twimg.com/profile_images/1951113472122691587/wPjhzcq4_400x400.jpg,16,"$5,051,900","$5,051,900",,
17,Eric Becker,SS,Virginia,C,https://pbs.twimg.com/profile_images/1826687293962252288/Bmg1BeYZ_400x400.jpg,17,"$4,695,500","$4,695,500",,
18,Jared Grindlinger,OF/LHP,Huntington Beach,H,"https://image.maxpreps.io/rosters/76954902-6d31-4d59-b6f4-dbdf36f35ff5/4/4/a/44ad8b82-67e8-47b8-93f3-fb3bd9da873e/original.jpg?version=638446555953882711&width=1024&crop=1:1,smart",18,"$4,868,600","$4,868,600",,
19,Logan Hughes,OF,Texas Tech,C,https://images.sidearmdev.com/crop?url=https%3A%2F%2Fdxbhsrqyrr690.cloudfront.net%2Fsidearm.nextgen.sites%2Ftexastech.com%2Fimages%2F2025%2F2%2F6%2FHughes_Logan.png&width=180&height=270&type=webp,19,"$4,373,900","$4,373,900",,
20,Logan Schmidt,LHP,Ganesha,H,https://cdn.d1baseball.com/uploads/2025/08/08025911/ACG25-LoganSchmidt.jpg,20,"$4,530,500","$4,530,500",,
21,Ace Reese,3B,Mississippi State,C,https://images.sidearmdev.com/crop?url=https%3A%2F%2Fdxbhsrqyrr690.cloudfront.net%2Fsidearm.nextgen.sites%2Fmsstate.sidearmsports.com%2Fimages%2F2024%2F11%2F19%2FReese_Ace_WEB_20241114_BB_Headshots_MM_0002.jpg&width=180&height=270&type=webp,21,"$3,947,600","$3,947,600",,
22,Tyler Spangler,SS,De La Salle,H,https://dlsspartans.org/images/2025/4/2/22TylerSpangler.jpg,22,"$4,224,700","$4,224,700",,
23,James Clark,SS,St. John Bosco,H,https://www.presstelegram.com/wp-content/uploads/2025/06/LPT-L-HSB-DREAMTEAM-0613-HF-01-1.jpg?w=525,23,"$4,082,700","$4,082,700",,
24,Aiden Robbins,OF,Texas,C,https://pbs.twimg.com/media/GziEQ5oWEAA5-pL?format=jpg&name=4096x4096,24,"$3,578,800","$3,578,800",,
25,Brody Bumila,LHP,Bishop Feehan,H,https://pbs.twimg.com/profile_images/1818043961769951232/5MhaqJ-e_400x400.jpg,25,"$3,818,700","$4,000,000",,
26,Blake Bowen,OF,JSerra Catholic,H,"https://img.mlbstatic.com/opprops-images/image/upload/ar_1:1,g_auto,c_fill,w_1024/opprops/lat5uozdwjdm0wuibnuf.jpg",26,"$3,696,000","$3,696,000",,
27,Mason Edwards,LHP,Southern California,C,https://pbs.twimg.com/media/GsUgNXTbEAAW9yk?format=jpg&name=small,27,"$3,466,500","$3,466,500",,
28,Cole Carlon,LHP,Arizona State,C,https://thesundevils.com/imgproxy/170qdChrf9K2WQrJj15NzppZ-RcUSzHKzRFEO9ctXzs/rs:fit:1980:0:0/g:ce/q:90/aHR0cHM6Ly9zdG9yYWdlLmdvb2dsZWFwaXMuY29tL3RoZXN1bmRldmlscy1jb20tcHJvZC8yMDI1LzA1LzEzL1lDaXo0Nks3ak1BOFpEOXhZNXpscmdQUXBENVJlVzRqaWFlYlI4RjUud2VicA.webp,28,"$3,363,600","$3,363,600",,
29,Tyler Bell,SS,Kentucky,C,https://dehayf5mhw1h7.cloudfront.net/wp-content/uploads/sites/258/2025/01/28080612/24102ymorehead35cb.webp,29,"$3,270,200","$3,270,200",,
30,Ryder Helfrick,C,Arkansas,C,https://arkansasrazorbacks.com/wp-content/uploads/2025/01/27-Ryder-Helfrick-BSB-2025-120738-1x1-1.jpg,30,"$3,190,500","$3,190,500",,
31,Tegan Kuhns,RHP,Tennessee,C,https://images.sidearmdev.com/crop?url=https%3A%2F%2Fdxbhsrqyrr690.cloudfront.net%2Fsidearm.nextgen.sites%2Futsports.com%2Fimages%2F2025%2F10%2F8%2FKuhns_Tegan.jpg&width=180&height=270&type=webp,31,"$3,118,300","$3,118,300",,
32,Joey Volchko,RHP,Georgia,C,https://images.sidearmdev.com/crop?url=https%3A%2F%2Fdxbhsrqyrr690.cloudfront.net%2Fsidearm.nextgen.sites%2Fgeorgiadogs.com%2Fimages%2F2025%2F8%2F19%2FVolchko__Joey.JPG&width=180&height=270&type=webp,32,"$3,044,600","$3,044,600",,
33,Hunter Dietz,LHP,Arkansas,C,https://arkansasrazorbacks.com/wp-content/uploads/2024/01/32-Hunter-Dietz-BSB-2024-64120-1x1-1.jpg,33,"$2,970,200","$2,970,200",,
34,Derek Curiel,OF,LSU,C,https://i0.wp.com/crescentcitysports.com/wp-content/uploads/2025/01/Derek-Curiel-1.jpg?resize=960%2C707&ssl=1,34,"$2,897,400","$2,897,400",,
35,Sean Duncan,LHP,Terry Fox Secondary,H,https://pbs.twimg.com/profile_images/1666087766541893637/NxHecMN6_400x400.jpg,35,"$2,826,700","$3,000,000",,
36,Bo Lowrance,3B,Christ Church Episcopal,H,https://09d1d85a2275582e9dad-7b3e649a230e2ba2cff912d8af17e0b5.ssl.cf1.rackcdn.com/5260305.jpeg,36,"$2,758,800","$3,000,000",,
37,Luke Williams,SS/OF,Franklin Regional,H,https://assets-tribhssn.triblive.com/2023/04/6138923_web1_ptr-FRGateway09-040523.jpg,37,"$2,696,700","$2,600,000",,
38,Beau Peterson,3B,Mill Valley,H,https://pbs.twimg.com/profile_images/1802840932569554945/4lGZ6cZZ_400x400.jpg,38,"$2,633,100","$2,600,000",,
39,Cade Townsend,RHP,Ole Miss,C,https://images.sidearmdev.com/crop?url=https%3A%2F%2Fdxbhsrqyrr690.cloudfront.net%2Fsidearm.nextgen.sites%2Folemisssports.com%2Fimages%2F2025%2F1%2F30%2FTownsend__Cade_2025_CHS.jpg&width=180&height=270&type=webp,39,"$2,571,700","$2,571,700",,
40,Trevor Condon,OF,Etowah,H,https://pbs.twimg.com/profile_images/1858727412801953792/tMFTf6ZG_400x400.jpg,40,"$2,504,200","$2,600,000",,
41,Kevin Roberts Jr.,RHP/OF,Jackson Preparatory,H,https://pbs.twimg.com/media/GTxr6QqXEAES60D.jpg:large,41,"$2,446,100","$2,300,000",,
42,Gabe Gaeckle,RHP,Arkansas,C,https://arkansasrazorbacks.com/wp-content/uploads/2024/01/20-Gabe-Gaeckle-BSB-2024-64522-1x1-1.jpg,42,"$2,388,800","$2,388,800",,
43,Chase Brunson,OF,TCU,C,https://odstcoreprodncus01.blob.core.windows.net/profile/630427/20240221233609_ec8ac75d-4270-4b2a-92dc-65c8d545ab06.jpg,43,"$2,333,200","$2,333,200",,
44,Archer Horn,SS/RHP,St. Ignatius Prep,H,https://siwildcats.com/images/2025/3/23/BASEBALL__56_of_136_.jpg,44,"$2,278,700","$2,700,000",,
45,Connor Comeau,SS,Anderson,H,https://pbs.twimg.com/media/G9eSc-SXoAAkm0M?format=jpg&name=large,45,"$2,225,800","$2,500,000",,"$2,500,000"
46,Alex Hernandez,OF/2B,Georgia Tech,C,https://ramblinwreck.com/imgproxy/RrJkP0RfACu27-AwdjMpl0bTajG4GYsmW6k-BaW8BP4/fit/2500/2500/ce/0/aHR0cHM6Ly9yYW1ibGlud3JlY2suY29tL3dwLWNvbnRlbnQvdXBsb2Fkcy8yMDI0LzExL0FsZXgtSGVybmFuZGV6LUhTLmpwZw.jpg,46,"$2,181,600","$2,181,600",,"$3,000,000"
47,Will Brick,C,Christian Brothers,H,https://pbs.twimg.com/media/G3T9h_IbUAEtXb5?format=jpg&name=small,47,"$2,131,300","$2,400,000",,
48,Ruger Riojas,RHP,Texas,C,https://images.sidearmdev.com/convert?url=https%3A%2F%2Fdxbhsrqyrr690.cloudfront.net%2Fsidearm.nextgen.sites%2Ftexassports_com%2Fimages%2F2025%2F3%2F4%2F2025_UT_Loiusville_BB_5824.jpg&type=webp,48,"$2,081,900","$2,081,900",,"$2,500,000"
49,Caden Sorrell,OF,Texas A&M,C,https://texags.blob.core.windows.net/photos/0202678-nknu-1280x720.jpg,49,"$2,033,400","$2,033,400",,
50,Cooper Sides,RHP,Orange Lutheran,H,https://image.maxpreps.io/careers/a/2/6/a26d1df7-8948-49bb-babf-4728a4e4e047/thumbnail.jpg?version=638841335273591395,50,"$1,982,700","$2,500,000",,"$2,500,000"
51,Chris Rembert,2B/OF,Auburn,C,https://assets-cms.thescore.com/uploads/image/file/788484/w640xh480_GettyImages-2210333368.jpg?ts=1748868305,51,"$1,938,100","$1,938,100",,
52,Jensen Hirschkorn,RHP,Kingsburg,H,https://pbs.twimg.com/media/Gx2L0fXbsAAoGKL?format=jpg&name=medium,52,"$1,892,500","$2,500,000",,"$2,200,000"
53,Carson Tinney,C,Texas,C,https://img.mlbstatic.com/opprops-images/image/upload/t_5x2/w_2208/opprops/ussrvyq8cxbj6kwsrrxd.jpg,53,"$1,848,200","$1,848,200",,
54,Jake Brown,OF,LSU,C,https://www.tuscaloosanews.com/gcdn/authoring/authoring-images/2024/05/24/NTTN/73830034007-tus-sec-lsu-south-carolina-gc-2385.jpg?width=474&height=610&fit=crop&format=pjpg&auto=webp,54,"$1,805,300","$1,805,300",,
55,Jack Radel,RHP,Notre Dame,C,https://f5s004media.blob.core.windows.net/photos/0077080-pwkf-1280x720.jpg,55,"$1,763,000","$1,763,000",,"$2,200,000"
56,Trey Beard,LHP,Florida State,C,https://images.sidearmdev.com/crop?url=https%3A%2F%2Fdxbhsrqyrr690.cloudfront.net%2Fsidearm.nextgen.sites%2Ffsuni.sidearmsports.com%2Fimages%2F2025%2F8%2F25%2FBeard__Trey_25-264RL__027_.JPG&width=180&height=270&type=webp,56,"$1,721,700","$1,721,700",,
57,Ryan Lynch,RHP,North Carolina,C,https://images.sidearmdev.com/crop?url=https%3A%2F%2Fdxbhsrqyrr690.cloudfront.net%2Fsidearm.nextgen.sites%2Func.sidearmsports.com%2Fimages%2F2024%2F11%2F14%2FLynch_Ryan.2025.bb.214.jpg&width=180&height=270&type=webp,57,"$1,677,400","$1,677,400",,"$2,200,000"
58,Evan Dempsey,RHP,Florida Gulf Coast,C,https://fgcuathletics.com/images/2024/10/3/Evan_Dempsey.JPG,58,"$1,637,700","$1,637,700",,
59,Ben Blair,RHP,Liberty,C,https://images.sidearmdev.com/crop?url=https%3A%2F%2Fdxbhsrqyrr690.cloudfront.net%2Fsidearm.nextgen.sites%2Flibertyuni.sidearmsports.com%2Fimages%2F2025%2F1%2F14%2FBen_Blair_20241122-8606AG.jpg&width=180&height=270&type=webp,59,"$1,598,900","$1,598,900",,
60,Bo Holloway,LHP,Nolensville,H,https://s.yimg.com/ny/api/res/1.2/ExlboitT3tAbZIi2lcCGxg--/YXBwaWQ9aGlnaGxhbmRlcjt3PTY0MDtoPTQzNDtjZj13ZWJw/https://media.zenfs.com/en/the_tennessean_natl_articles_921/e4f6b1b4f50784f1b9c042a270277812,60,"$1,561,000","$2,400,000",,
61,Kaden Waechter,RHP,Jesuit,H,"https://image.maxpreps.io/rosters/76954902-6d31-4d59-b6f4-dbdf36f35ff5/5/9/d/59d10f02-d23e-42fd-aaa9-166ade698565/original.jpg?version=638440377263400063&width=1024&crop=1:1,smart",61,"$1,523,600","$2,400,000",,
62,Cole Prosek,3B,Magnolia Heights,H,https://09d1d85a2275582e9dad-7b3e649a230e2ba2cff912d8af17e0b5.ssl.cf1.rackcdn.com/5052924.jpg,62,"$1,487,200","$2,200,000",,
63,Taj Marchand,SS,James Island,H,https://09d1d85a2275582e9dad-7b3e649a230e2ba2cff912d8af17e0b5.ssl.cf1.rackcdn.com/10103470.jpeg,63,"$1,451,700","$2,200,000",,
64,Matt Ponatoski,SS/RHP,Archbishop Moeller,H,https://letsgobigmoe.com/images/2024/4/9/Ponatoski__Matt.jpg?width=300,64,"$1,416,600","$2,700,000",,
65,Kaiden McCarthy,RHP,Vermont Academy,H,https://bloximages.chicago2.vip.townnews.com/rutlandherald.com/content/tncms/assets/v3/editorial/6/34/6341c1c4-e29c-57a8-be6b-8379d64058ac/64443b980f2c6.image.jpg?resize=400%2C267,65,"$1,382,600","$2,200,000",,"$2,200,000"
66,Cole Koeninger,SS/RHP,Keller,H,https://www.ncsasports.org/_next/image?url=https%3A%2F%2Fs3.amazonaws.com%2Frms-rmfiles-production%2Fclient_photos%2Fathlete_15134524_profile.jpg&w=384&q=75,66,"$1,353,100","$2,200,000",,
67,Coleman Borthwick,3B/RHP,South Walton,H,https://pbs.twimg.com/media/Gq3jyqZXAAA_c5s?format=jpg&name=900x900,67,"$1,317,300","$2,200,000",,
68,Aiden Ruiz,SS,The Stony Brook School,H,https://09d1d85a2275582e9dad-7b3e649a230e2ba2cff912d8af17e0b5.ssl.cf1.rackcdn.com/8872368.jpeg,68,"$1,285,500","$1,800,000",,
69,Landon Thome,2B,Nazareth,H,https://cdn.d1baseball.com/uploads/2025/08/08041354/ACG25-LandonThomeHR.jpg,69,"$1,254,200","$2,200,000",,
70,Rocco Maniscalco,SS,Oxford,H,"https://img.mlbstatic.com/opprops-images/image/upload/ar_1:1,g_auto,c_fill,w_1024/opprops/p6h3mirsgve4n2hv6woy.jpg",70,"$1,223,100","$1,800,000",,
71,Maddox Molony,SS,Oregon,C,https://dailyemerald.com/wp-content/uploads/2025/03/2025.03.02.EMG_.MCU_.BB_.UO_.vs_.COL-06-1200x900.jpeg,71,"$1,192,600","$1,192,600",,"$2,200,000"
72,Dominic Santarelli,1B/OF,St. Joseph,H,https://pbs.twimg.com/media/Gj28QcqXMAAvtQ9?format=jpg&name=4096x4096,72,"$1,174,300","$2,200,000",,"$2,200,000"
73,Savion Sims,RHP,Prestonwood Christian,H,https://i1.sndcdn.com/artworks-3HUqGIYCQU9ie10Z-TKyeRg-t500x500.jpg,73,"$1,156,400","$2,000,000",,
74,Noah Wilson,OF,Mccallie,H,"https://image.maxpreps.io/rosters/76954902-6d31-4d59-b6f4-dbdf36f35ff5/4/5/1/451b41d1-d15a-4072-94d9-3a00b9f28a31/original.jpg?version=638457731780779024&width=1024&crop=1:1,smart",74,"$1,138,600","$2,000,000",,
75,Carson Wiggins,RHP,Arkansas,C,https://arkansasrazorbacks.com/wp-content/uploads/2025/01/44-Carson-Wiggins-BSB-2025-121464-1x1-1.jpg,75,"$1,120,900","$1,120,900",,
76,Cooper Harris,RHP,Flower Mound,H,https://bloximages.chicago2.vip.townnews.com/starlocalmedia.com/content/tncms/assets/v3/editorial/1/dc/1dc29f48-097a-11ef-98f8-339601694dae/66352b6c2a6ec.image.jpg?resize=400%2C400,76,"$1,103,500","$2,000,000",,
77,Eli Herst,RHP,Seattle Academy,H,https://baseballnorthwest.com/passets/photo/WA/1093856724-eli-herst-2024.jpg,77,"$1,086,600","$2,000,000",,
78,Carson Kerce,2B/SS,Georgia Tech,C,https://ramblinwreck.com/imgproxy/9kFayP3J_djRaYSgMIP2cQjIbhybmBJsCWhGWLujoXQ/fit/2500/2500/ce/0/aHR0cHM6Ly9yYW1ibGlud3JlY2suY29tL3dwLWNvbnRlbnQvdXBsb2Fkcy8yMDI0LzExL0NhcnNvbi1LZXJjZS1IUy5qcGc.jpg,78,"$1,069,600","$1,069,600",,"$2,000,000"
79,Joseph Contreras,RHP,Blessed Trinity Catholic,H,https://encrypted-tbn0.gstatic.com/images?q=tbn:ANd9GcQLglh-GO2-HoTbLaBy5p-pPT4hKyrWtQ9Eg2suBCpSea8d52fFO0FlLPhdMJ1kT9ZsLBA&usqp=CAU,79,"$1,052,700","$2,200,000",,
80,Kyle Jones,OF,Florida,C,https://pbs.twimg.com/media/GdCCSMsXQAAJCrZ?format=jpg&name=large,80,"$1,035,700","$1,035,700",,
81,Brady Ballinger,1B,Kansas,C,https://kuathletics.com/images/2025/1/18/Ballinger_Brady_96.JPG,81,"$1,018,500","$1,018,500",,
82,Sherman Johnson,3B/OF,NC State,C,https://images.sidearmdev.com/crop?url=https%3A%2F%2Fdxbhsrqyrr690.cloudfront.net%2Fsidearm.nextgen.sites%2Fgopack.com%2Fimages%2F2025%2F8%2F21%2FSherman_johnson.png&width=180&height=270&type=webp,82,"$1,003,800","$1,003,800",,"$2,000,000"
83,Ty Head,OF,NC State,C,https://images.sidearmdev.com/crop?url=https%3A%2F%2Fdxbhsrqyrr690.cloudfront.net%2Fsidearm.nextgen.sites%2Fgopack.com%2Fimages%2F2024%2F11%2F26%2FTy_Head.png&width=180&height=270&type=webp,83,"$988,700","$988,700",,
84,Jarren Advincula,2B/SS,Georgia Tech,C,https://pbs.twimg.com/media/G4DtL3aWkAAdDiZ?format=jpg&name=medium,84,"$973,700","$973,700",,
85,Alex Weingartner,OF,St. Augustine Prep,H,https://storage.googleapis.com/gopsusports-prod/2025/11/07/gUl0R6YP7q1mC6uvM6oHw6WmMWLDFWuzGfibCyVy.jpg,85,"$958,500","$1,800,000",,
86,Jack Natili,C,Cincinnati,C,https://gobearcats.com/imgproxy/oiRi05NWrTVD5-KCDsYcBqV01EJuMcExLQIR2kuhAvI/rs:fit:1980:0:0/g:ce/q:90/aHR0cHM6Ly9zdG9yYWdlLmdvb2dsZWFwaXMuY29tL2dvYmVhcmNhdHMtY29tLXByb2QvMjAyNS8wNi8xOC85ZW9mRmx0ZkVOaEFWcE0zd1h3VXEzb2YxN29tbFJYUTNUVmlNWERMLndlYnA.webp,86,"$943,600","$943,600",,
87,Henry Ford,1B/OF,Tennessee,C,"https://img.mlbstatic.com/opprops-images/image/upload/ar_1:1,g_auto,c_fill,w_1024/opprops/yw4ha1ycytnrqtvyakgm.jpg",87,"$929,700","$929,700",,
88,LJ Mercurius,RHP,Oklahoma,C,https://images.sidearmdev.com/crop?url=https%3A%2F%2Fdxbhsrqyrr690.cloudfront.net%2Fsidearm.nextgen.sites%2Fsoonersports.com%2Fimages%2F2025%2F9%2F9%2FLJ_Mercurius_Headshot.jpg&width=180&height=270&type=webp,88,"$915,100","$915,100",,
89,Ethan Kleinschmit,LHP,Oregon State,C,https://images.sidearmdev.com/crop?url=https%3A%2F%2Fdxbhsrqyrr690.cloudfront.net%2Fsidearm.nextgen.sites%2Foregonstate.sidearmsports.com%2Fimages%2F2024%2F10%2F28%2F25BB_Headshot_KleinschmditEthan_00366.jpg&width=180&height=270&type=webp,89,"$900,800","$900,800",,
90,Lucas Moore,OF,Louisville,C,https://images.sidearmdev.com/crop?url=https%3A%2F%2Fdxbhsrqyrr690.cloudfront.net%2Fsidearm.nextgen.sites%2Fgocards.com%2Fimages%2F2025%2F2%2F12%2Flucas_moore_hs25.jpg&width=180&height=270&type=webp,90,"$887,000","$887,000",,"$2,000,000"
91,Jacob Dudan,RHP,NC State,C,https://images.sidearmdev.com/crop?url=https%3A%2F%2Fdxbhsrqyrr690.cloudfront.net%2Fsidearm.nextgen.sites%2Fgopack.com%2Fimages%2F2024%2F11%2F26%2FJacob_Dudan.png&width=180&height=270&type=webp,91,"$872,900","$872,900",,
92,Will Yow,SS,St. Anne's-Belfield,H,https://pbs.twimg.com/profile_images/1970686480860237824/FYB1WOko_400x400.jpg,92,"$859,900","$1,600,000",,"$2,000,000"
93,Martin Shelar,OF,Marist,H,https://s3media.247sports.com/Uploads/Assets/908/722/12722908.jpg,93,"$846,900","$1,600,000",,"$2,000,000"
94,Ethan Wachsmann,RHP,Grandview,H,https://pbs.twimg.com/profile_images/1817302525717958656/d7CFGlBv_400x400.jpg,94,"$833,800","$1,600,000",,"$2,000,000"
95,Nathaneal Davis,OF,Trinity Prep,H,https://thetrinityvoice.com/wp-content/uploads/2023/04/Prince_AN-5.1-615x900.png,95,"$823,800","$1,600,000",,
96,Kade Lewis,3B,Wake Forest,C,https://images.sidearmdev.com/crop?url=https%3A%2F%2Fdxbhsrqyrr690.cloudfront.net%2Fsidearm.nextgen.sites%2Fwakeforestsports.com%2Fimages%2F2025%2F1%2F28%2FKade_Lewis_Headshot.JPG&width=180&height=270&type=webp,96,"$815,700","$815,700",,"$2,000,000"
97,Brendan Brock,C,Oklahoma,C,https://images.sidearmdev.com/crop?url=https%3A%2F%2Fdxbhsrqyrr690.cloudfront.net%2Fsidearm.nextgen.sites%2Fsoonersports.com%2Fimages%2F2025%2F9%2F9%2FBrendan_Brock_Headshot.jpg&width=180&height=270&type=webp,97,"$808,100","$808,100",,
98,Kollin Ritchie,3B/OF,Oklahoma State,C,https://images.sidearmdev.com/crop?url=https%3A%2F%2Fdxbhsrqyrr690.cloudfront.net%2Fsidearm.nextgen.sites%2Fokstate.com%2Fimages%2F2024%2F10%2F2%2FRitchie_Kollin.jpg&width=180&height=270&type=webp,98,"$800,000","$800,000",,
99,Owen Kramkowski,RHP,Arizona,C,https://encrypted-tbn0.gstatic.com/images?q=tbn:ANd9GcRcc1xOQk5JrsyewZfuJu2hwV-HJ2oKluCgLQ&s,99,"$792,300","$792,300",,"$2,000,000"
100,Myles Bailey,1B,Florida State,C,https://images.sidearmdev.com/crop?url=https%3A%2F%2Fdxbhsrqyrr690.cloudfront.net%2Fsidearm.nextgen.sites%2Ffsuni.sidearmsports.com%2Fimages%2F2024%2F9%2F2%2FBailey__Myles.JPG&width=180&height=270&type=webp,100,"$784,400","$784,400",,"$2,000,000"
101,Zion Rose,OF,Louisville,C,https://images.sidearmdev.com/crop?url=https%3A%2F%2Fdxbhsrqyrr690.cloudfront.net%2Fsidearm.nextgen.sites%2Fgocards.com%2Fimages%2F2025%2F2%2F12%2Fzion_rose_hs25.jpg&width=180&height=270&type=webp,101,"$778,200","$778,200",,
102,Carter Beck,OF,Indiana State,C,https://gosycamores.com/images/2025/1/30/12_Carter_Beck.jpg?width=300,102,"$770,600","$770,600",,
103,Jake Carbaugh,RHP,Plant City,H,https://pbs.twimg.com/profile_images/1810880802449752064/K7hZ0_KA_400x400.jpg,103,"$762,900","$1,600,000",,
104,Lucas Nawrocki,LHPOF,Aledo,H,https://pbs.twimg.com/media/F0nRKCvWYAABGC0?format=jpg&name=4096x4096,104,"$755,300","$1,300,000",,"$1,600,000"
105,Will Adams,1B/LHP,Hoover,H,https://hooversun.com/downloads/38981/download/TCI24493.jpg?cb=aa7261202eee5527f6fe87dbcbd4ecfd&w=3000,105,"$747,700","$1,600,000",,
106,Peyton Bonds,OF,Rutgers,C,https://scarletknights.com/images/2025/2/11/25_Peyton_Bonds.png,106,"$740,500","$740,500",,
107,Will Gasparino,OF,UCLA,C,https://pbs.twimg.com/media/GziBuKiaMAABojf?format=jpg&name=large,107,"$733,100","$733,100",,
108,Gunner Skelton,3B,Columbia Academy,H,https://pbs.twimg.com/profile_images/1926769631093571584/5lvd-Imr_400x400.jpg,108,"$725,900","$1,600,000",,
109,Camden Johnson,3B/OF,Oklahoma,C,https://encrypted-tbn0.gstatic.com/images?q=tbn:ANd9GcSLTtTpvctxWZAKcSDiEzFhM2y5Kvxpn_ZivQ&s,109,"$718,700","$718,700",,
110,Andrew Williamson,OF,Central Florida,C,https://ucfknights.com/imgproxy/302JhvgsuwhkNqdwx0dshnn-DOrFfESaf4PxJxCzxQU/rs:fit:480:0:0:0/q:85/aHR0cHM6Ly9zdG9yYWdlLmdvb2dsZWFwaXMuY29tL3VjZmtuaWdodHMtY29tLXByb2QvMjAyNi8wMS8yMC95UWJ4aTRyWW9SM29ET3VZZVpVN2RmUTAxZ0d4cXNWaVJiT3YzYmFJLnBuZw.png,110,"$711,800","$711,800",,"$1,600,000"
111,Ryne Barker,SS,Casteel,H,https://image.maxpreps.io/careers/f/e/3/fe379f15-46de-4c16-a828-f0702fc23e44/thumbnail.jpg?version=638848689055959195,111,"$704,900","$1,400,000",,
112,Denton Lord,RHP,South Walton,H,https://www.prepbaseballreport.com/passets/photo/FL/6509487321-denton-lord-2025.jpg,112,"$697,700","$1,400,000",,
113,Daniel Jackson,C,Georgia,C,https://images.sidearmdev.com/crop?url=https%3A%2F%2Fdxbhsrqyrr690.cloudfront.net%2Fsidearm.nextgen.sites%2Fgeorgiadogs.com%2Fimages%2F2025%2F8%2F19%2FJackson__Daniel.JPG&width=180&height=270&type=webp,113,"$691,000","$691,000",,
114,Shane Sdao,LHP,Texas A&M,C,https://12thman.com/images/2025/1/14/Sdao_-Shane.jpg,114,"$684,300","$684,300",,
115,Ethan Bass,SS/RHP,Glenbrook North,H,https://pbs.twimg.com/media/GuK_mf8XwAAo59e?format=jpg&name=large,115,"$677,500","$1,400,000",,
116,Jason DeCaro,RHP,North Carolina,C,https://images.sidearmdev.com/crop?url=https%3A%2F%2Fdxbhsrqyrr690.cloudfront.net%2Fsidearm.nextgen.sites%2Func.sidearmsports.com%2Fimages%2F2024%2F11%2F14%2FDecaro_Jason.2025.bb.137.jpg&width=180&height=270&type=webp,116,"$670,900","$670,900",,
117,Wes Mendes,LHP,Florida State,C,https://images.sidearmdev.com/crop?url=https%3A%2F%2Fdxbhsrqyrr690.cloudfront.net%2Fsidearm.nextgen.sites%2Ffsuni.sidearmsports.com%2Fimages%2F2024%2F9%2F2%2FMendes__Wes.JPG&width=180&height=270&type=webp,117,"$664,500","$664,500",,
118,Ethan Norby,LHP,East Carolina,C,https://bloximages.newyork1.vip.townnews.com/reflector.com/content/tncms/assets/v3/editorial/d/e9/de9b2404-fbb6-11ef-9da9-5b9a3210c728/67cb938ede876.image.jpg?crop=1127%2C702%2C30%2C260&resize=803%2C500&order=crop%2Cresize,118,"$658,100","$658,100",,
119,Brayden Dowd,OF,Florida State,C,https://images.sidearmdev.com/crop?url=https%3A%2F%2Fdxbhsrqyrr690.cloudfront.net%2Fsidearm.nextgen.sites%2Ffsuni.sidearmsports.com%2Fimages%2F2025%2F8%2F25%2FDowd__Brayden_25-264RL__024_.JPG&width=180&height=270&type=webp,119,"$651,500","$651,500",,
120,Mulivai Levu,1B,UCLA,C,https://images.sidearmdev.com/crop?url=https%3A%2F%2Fdxbhsrqyrr690.cloudfront.net%2Fsidearm.nextgen.sites%2Fuclabruins.com%2Fimages%2F2024%2F12%2F10%2FLevu_Mulivai01.png&width=180&height=270&type=webp,120,"$645,100","$645,100",,
121,Julian Garcia,RHP,St. John Bosco High School,H,https://pbs.twimg.com/profile_images/1768994195904299008/Rx8D6P-l_400x400.jpg,121,"$638,800","$1,400,000",,
122,Brett Renfrow,RHP,Virginia Tech,C,https://hokiesports.com/imgproxy/9kQiRDV0UFycoNJHQHn6sJRY_InZCOFtWrgHGZN6yo0/rs:fit:1980:0:0/g:ce/q:90/aHR0cHM6Ly9zdG9yYWdlLmdvb2dsZWFwaXMuY29tL3ZpcmdpbmlhdGVjaC1wcm9kLzIwMjQvMTAvMTAvc1VtSWFPNXBQU0lMQ05oVEp0dVVLdVJEeFpvVkxUZGUxajJIQmw3dC5qcGc.jpg,122,"$632,500","$632,500",,
123,Caden Bogenpohl,OF,Missouri State,C,https://missouristatebears.com/images/2024/10/30/Caden_Bogenpohl_8118_AwTmW.jpg,123,"$626,500","$626,500",,
124,Keon Johnson,SS,First Presbyterian Day,H,https://image.maxpreps.io/careers/0/8/8/0888f6f2-c8ec-4ad0-a622-24d9547d00d1/thumbnail.jpg?version=638829215237510550,124,"$620,300","$1,400,000",,
125,Dee Kennedy,SS,Kansas State,C,https://www.kstatesports.com/images/2024/9/30/Dee_Kennedy_2025.png,125,"$614,500","$614,500",,
126,Andruw Giles,OF,Basic,H,https://pbs.twimg.com/profile_images/1942046335462440960/VoL-tgrw_400x400.jpg,126,"$609,200","$1,400,000",,"$1,400,000"
127,Malachi Washington,OF,Parkview,H,https://pbs.twimg.com/profile_images/1832986692325724160/F0eCbuMM_400x400.jpg,127,"$603,500","$1,400,000",,"$1,400,000"
128,Jake McCoy,LHP,South Carolina,C,https://gamecocksonline.com/imgproxy/aP0aYXPGOwF6Jt-Z4YQw9Ey5mjuWQ3na8qdflsXQTAA/fit/564/832/ce/0/aHR0cHM6Ly9zdG9yYWdlLmdvb2dsZWFwaXMuY29tL2dhbWVjb2Nrc29ubGluZS1jb20vMjAyNC8xMS80YTcwYWY4Mi1tY2NveS1qYWtlLmpwZw.png,128,"$597,400","$597,400",,
129,Jaden Jackson,SS/OF,St. John Bosco,H,https://www.presstelegram.com/wp-content/uploads/2025/05/LPT-L-HSB-BOSCO-JSER-16x9-1.jpg?w=620,129,"$591,700","$1,400,000",,
130,Wil Libbert,LHP,Ole Miss,C,https://pbs.twimg.com/profile_images/1934326530311659520/Qq4ZUpjr.jpg,130,"$585,700","$585,700",,
131,Ryan Peterson,RHP,Sam Houston State,C,https://images.sidearmdev.com/crop?url=https%3A%2F%2Fdxbhsrqyrr690.cloudfront.net%2Fsidearm.nextgen.sites%2Fgobearkats.com%2Fimages%2F2025%2F10%2F11%2F2026_Headshots_Peterson_Ryan_zf7UE.jpg&width=180&height=270&type=webp,131,"$581,100","$581,100",,
132,Steele Murdock,RHP,UC San Diego,C,https://images.sidearmdev.com/convert?url=https%3A%2F%2Fdxbhsrqyrr690.cloudfront.net%2Fsidearm.nextgen.sites%2Fucsdtritons.com%2Fimages%2F2025%2F4%2F30%2FSteele_Murdock_vs_CSUN-2.png&type=webp,132,"$575,300","$575,300",,
133,Isaiah Galason,SS,Houston County,H,https://pbs.twimg.com/profile_images/1888943956504756224/e_ZA_r_a_400x400.jpg,133,"$569,600","$1,200,000",,
134,Reece Moroney,SS,Rhode Island,C,https://gorhody.com/images/2024/9/23/WEB_Moroney_Reece25_copy.jpg?width=300,134,"$563,900","$563,900",,
135,Sean Dunlap,C,Crown Point,H,https://i0.wp.com/www.chicagotribune.com/wp-content/uploads/2025/04/PTB-L-BAS-DUNLAP-042025-01.jpg?fit=620%2C9999px&ssl=1,135,"$558,400","$1,400,000",,
136,Ryan Marohn,LHP,NC State,C,https://gopack.com/images/2025/8/20/Ryan_Marohn.png,136,"$553,100","$553,100",,"$1,400,000"
137,Duncan Marsten,RHP,Wake Forest,C,https://images.sidearmdev.com/crop?url=https%3A%2F%2Fdxbhsrqyrr690.cloudfront.net%2Fsidearm.nextgen.sites%2Fwakeforestsports.com%2Fimages%2F2025%2F1%2F28%2FDuncan_Marsten_Headshot_0d58K.JPG&width=180&height=270&type=webp,137,"$547,700","$547,700",,
138,Jake Schaffner,SS,North Carolina,C,https://images.sidearmdev.com/crop?url=https%3A%2F%2Fdxbhsrqyrr690.cloudfront.net%2Fsidearm.nextgen.sites%2Func.sidearmsports.com%2Fimages%2F2025%2F10%2F2%2FSchaffner_Jake.2026.bb..2833.jpg&width=180&height=270&type=webp,138,"$542,200","$542,200",,
139,Thomas Burns,RHP,Texas,C,https://images.sidearmdev.com/crop?url=https%3A%2F%2Fdxbhsrqyrr690.cloudfront.net%2Fsidearm.nextgen.sites%2Ftexassports_com%2Fimages%2F2025%2F1%2F18%2FBurns_Thomas-Cropped-2025.jpg&width=180&height=270&type=webp,139,"$536,900","$536,900",,
140,Brady Harris,OF,Trinity Christian Academy,H,"https://img.mlbstatic.com/opprops-images/image/upload/ar_1:1,g_auto,c_fill,w_1024/opprops/pssqlqwwemin8xqcub0l.jpg",140,"$532,000","$1,400,000",,
141,Elliot Lascelles,SS,Upper Canada College,H,https://digitalshift-assets.sfo2.cdn.digitaloceanspaces.com/pw/6bccf042-d1a5-452e-a526-a37813bd2593/p-3d9b8e55-9360-4637-a29a-e0f5402ba783/1731456446-1223.jpg,141,"$526,600","$1,200,000",,
142,Noah Danza,OF,Clearview,H,"https://on3static.com/cdn-cgi/image/height=417,width=795,quality=90,fit=cover,gravity=0.5x0.5/uploads/dev/assets/cms/2025/06/15193328/noah-danza2.jpg",142,"$521,500","$1,200,000",,
143,Gavin Grahovac,3B,Texas A&M,C,https://images.sidearmdev.com/crop?url=https%3A%2F%2Fdxbhsrqyrr690.cloudfront.net%2Fsidearm.nextgen.sites%2Ftamu.sidearmsports.com%2Fimages%2F2025%2F1%2F14%2FGrahovac_-Gavin.jpg&width=180&height=270&type=webp,143,"$516,300","$516,300",,
144,Brady Snow,RHP,American Heritage,H,https://09d1d85a2275582e9dad-7b3e649a230e2ba2cff912d8af17e0b5.ssl.cf1.rackcdn.com/3234860.jpeg,144,"$511,400","$1,200,000",,"$1,400,000"
145,Camden Kozeal,2B,Arkansas,C,https://arkansasrazorbacks.com/wp-content/uploads/2025/01/8-Cam-Kozeal-BSB-2025-121261-1x1-1.jpg,145,"$506,100","$506,100",,
146,Alex Overbay,RHP,Arizona State,C,https://thesundevils.com/imgproxy/SowR74ZhXVLbGpXwI8Sf8tSMBCOjSyjR3fC02BY0hUQ/rs:fit:480:0:0:0/q:85/aHR0cHM6Ly9zdG9yYWdlLmdvb2dsZWFwaXMuY29tL3RoZXN1bmRldmlscy1jb20tcHJvZC8yMDI1LzA5LzEyL0xYZ0VzYzVadjlOanlPWTVSSzVJY0RPelNzTGFoSW5MWkVYdDlNSzIuanBn.jpg,146,"$501,300","$501,300",,"$1,400,000"
147,Tyson LeBlanc,SS,Kansas,C,https://images.sidearmdev.com/crop?url=https%3A%2F%2Fdxbhsrqyrr690.cloudfront.net%2Fsidearm.nextgen.sites%2Fukansas.sidearmsports.com%2Fimages%2F2025%2F10%2F8%2FLeBlanc_Tyson.JPG.jpg&width=180&height=270&type=webp,147,"$496,400","$496,400",,"$1,400,000"
148,Cal Randall,RHP,UCLA,C,https://images.sidearmdev.com/crop?url=https%3A%2F%2Fdxbhsrqyrr690.cloudfront.net%2Fsidearm.nextgen.sites%2Fuclabruins.com%2Fimages%2F2024%2F12%2F10%2FRandall_Cal01.png&width=180&height=270&type=webp,148,"$491,700","$491,700",,"$1,400,000"
149,Clayton Freshcorn,RHP,Texas A&M,C,https://images.sidearmdev.com/crop?url=https%3A%2F%2Fdxbhsrqyrr690.cloudfront.net%2Fsidearm.nextgen.sites%2Ftamu.sidearmsports.com%2Fimages%2F2025%2F1%2F14%2FFreshcorn_-Clayton.jpg&width=180&height=270&type=webp,149,"$486,800","$486,800",,
150,Jaxon Willits,SS,Oklahoma,C,https://images.sidearmdev.com/crop?url=https%3A%2F%2Fdxbhsrqyrr690.cloudfront.net%2Fsidearm.nextgen.sites%2Fsoonersports.com%2Fimages%2F2024%2F8%2F28%2FBB_Headshots_Jaxon_Willits_OUA06568.JPG&width=180&height=270&type=webp,150,"$481,800","$481,800",,
151,Roman Martin,SS,UCLA,C,https://images.sidearmdev.com/crop?url=https%3A%2F%2Fdxbhsrqyrr690.cloudfront.net%2Fsidearm.nextgen.sites%2Fuclabruins.com%2Fimages%2F2024%2F12%2F10%2FMartin_Roman01.png&width=180&height=270&type=webp,151,"$476,900","$476,900",,
152,Jack Brenner,C/SS,Fond Du Lac,H,https://09d1d85a2275582e9dad-7b3e649a230e2ba2cff912d8af17e0b5.ssl.cf1.rackcdn.com/8420772.jpg,152,"$472,500","$1,100,000",,
153,Tre Broussard,OF,Houston,C,https://images.sidearmdev.com/crop?url=https%3A%2F%2Fdxbhsrqyrr690.cloudfront.net%2Fsidearm.nextgen.sites%2Fuhcougars.com%2Fimages%2F2024%2F8%2F23%2FBroussard_Tre.jpg&width=180&height=270&type=webp,153,"$467,700","$467,700",,
154,Jordan Ransom,SS/OF,Queen Creek,H,https://pbs.twimg.com/profile_banners/1629930924334010375/1754163581/600x200,154,"$463,200","$1,100,000",,
155,Teagan Scott,C,South Salem,H,"https://img.mlbstatic.com/opprops-images/image/upload/ar_1:1,g_auto,c_fill,w_1024/opprops/yb3b6mwyucejyzobiq0h.jpg",155,"$458,500","$1,100,000",,"$1,100,000"
156,Jet Berry,2B/OF,Queen Creek,H,https://encrypted-tbn0.gstatic.com/images?q=tbn:ANd9GcQtrHTqhU0jpNPguDv-Ha-m3eCzi78zxqbuZw&s,156,"$454,100","$1,100,000",,
157,Grant Govel,RHP,Southern California,C,https://images.sidearmdev.com/crop?url=https%3A%2F%2Fdxbhsrqyrr690.cloudfront.net%2Fsidearm.nextgen.sites%2Fusctrojans.com%2Fimages%2F2025%2F12%2F17%2FGovel__Grant.jpg&width=180&height=270&type=webp,157,"$449,500","$449,500",,
158,Cal Scolari,RHP,Oregon,C,https://pbs.twimg.com/media/Gvgtv9IakAE1brL?format=jpg&name=4096x4096,158,"$445,200","$445,200",,
159,Erik Paulsen,1B,North Carolina,C,https://images.sidearmdev.com/crop?url=https%3A%2F%2Fdxbhsrqyrr690.cloudfront.net%2Fsidearm.nextgen.sites%2Func.sidearmsports.com%2Fimages%2F2025%2F10%2F2%2FPaulson_Erik.2026.bb.2716.jpg&width=180&height=270&type=webp,159,"$441,300","$441,300",,
160,James Tronstein,OF/SS,Harvard-Westlake,H,"https://img.mlbstatic.com/opprops-images/image/upload/ar_1:1,g_auto,c_fill,w_1024/opprops/pdxtcvvkm5zl8rsirsmj.jpg",160,"$437,200","$1,400,000",,
161,Carson Jasa,RHP,Nebraska,C,https://huskers.com/imgproxy/2OBI9OgIRv7HyyHsUd5fLEABIg-bfUbmaabmdlteSVQ/rs:fit:1980:0:0/g:ce/q:90/aHR0cHM6Ly9zdG9yYWdlLmdvb2dsZWFwaXMuY29tL2h1c2tlcnMtY29tLXByb2QvMjAyNS8wMS8yMS9WN21wS3AzOVZKanJhd3lTa3ljVjNhTVdOcHdmWkxnNldOaGsydGZhLmpwZw.jpg,161,"$433,200","$433,200",,"$1,100,000"
162,Jarren Purify,2B,Clemson,C,https://clemsontigers.com/imgproxy/4BCPDN8dIR29Jh1wMvK2Pc1xMy2Sx2UcHBpack6NoVw/rs:fit:1980:0:0:0/g:ce:0:0/q:90/aHR0cHM6Ly9zdG9yYWdlLmdvb2dsZWFwaXMuY29tL2NsZW1zb250aWdlcnMtY29tLzIwMjUvMTEvUHVyaWZ5SmFycmVuLmpwZw.jpg,162,"$429,100","$429,100",,"$1,100,000"
163,Blake Bryant,RHP,Citizens Christian Academy,H,https://09d1d85a2275582e9dad-7b3e649a230e2ba2cff912d8af17e0b5.ssl.cf1.rackcdn.com/4097217.jpeg,163,"$425,400","$1,000,000",,"$1,100,000"
164,Hudson Brown,1B,Kentucky,C,https://www.batcatscentral.com/content/images/2025/08/HudsonBrown2.webp,164,"$421,300","$421,300",,"$1,100,000"
165,Hayden Johnson,LHP,Coastal Carolina,C,https://goccusports.com/images/2025/8/26/JOHNSON_HAYDEN.jpg?width=300,165,"$417,400","$417,400",,"$1,100,000"
166,Ben Tryon ,1B/OF,Dallas Baptist,C,https://dbupatriots.com/images/2024/12/18/Tryon__Ben.jpg,166,"$413,900","$413,900",,
167,Tyler Putnam,RHP,Battle,H,https://bloximages.newyork1.vip.townnews.com/columbiamissourian.com/content/tncms/assets/v3/editorial/0/20/020d7d9b-191a-44fb-8444-2a4283b586a6/663adddfe55ed.image.jpg,167,"$410,300","$1,000,000",,
168,Daniel Cuvet,3B,Miami,C,https://s3media.247sports.com/Uploads/Assets/29/269/12269029.jpg,168,"$406,800","$406,800",,"$1,100,000"
169,Alex Conover,OF,Oklahoma State,C,https://images.sidearmdev.com/crop?url=https%3A%2F%2Fdxbhsrqyrr690.cloudfront.net%2Fsidearm.nextgen.sites%2Fokstate.com%2Fimages%2F2024%2F9%2F21%2FConover_Alex_o3FlJ.JPG&width=180&height=270&type=webp,169,"$403,500","$403,500",,"$1,100,000"
170,Matthew Kelley,SS/OF,Basic,H,https://pbs.twimg.com/media/F2PVyU5WgAAtMzD?format=jpg&name=large,170,"$399,800","$1,000,000",,
171,Eric Guevara,3B,Auburn,C,https://auburntigers.com/imgproxy/Nbi-HDlCxPWKotxRkGnaM5V14XHZHXI82BQHx-iw-sw/rs:fit:1980:0:0:0/g:ce:0:0/q:90/aHR0cHM6Ly9zdG9yYWdlLmdvb2dsZWFwaXMuY29tL2F1YnVybi1wcm9kLzIwMjYvMDEvMjkvczlaaFlHNExEd2hXMVRpVmVQTmpGVldrNVdDZTZYQUxnR1VhUEpwVS5qcGc.jpg,171,"$396,300","$396,300",,
172,Brody Schumaker,SS,Santa Margarita,H,"https://img.mlbstatic.com/opprops-images/image/upload/ar_1:1,g_auto,c_fill,w_1024/opprops/mzv88mzejiwyuc0dqzeo.jpg",172,"$393,100","$1,000,000",,"$1,100,000"
173,Deacon Nelson,SS,University School,H,https://pbs.twimg.com/media/GvXQeGBWIAAABNf?format=jpg&name=large,173,"$389,900","$1,000,000",,
174,Ricky Ojeda,LHP,UC Irvine,C,https://ucirvinesports.com/images/2024/11/26/Ricky_Ojeda.JPG,174,"$386,500","$386,500",,
175,Steven Milam,2B/SS,LSU,C,"https://www.theadvertiser.com/gcdn/authoring/images/smg/2024/06/07/USAT/73928734007-USATSI_23432217.jpeg?crop=1445,1925,x577,y0",175,"$383,400","$383,400",,
176,Cam Johnson,LHP,Oklahoma,C,https://images.sidearmdev.com/crop?url=https%3A%2F%2Fdxbhsrqyrr690.cloudfront.net%2Fsidearm.nextgen.sites%2Fsoonersports.com%2Fimages%2F2025%2F9%2F9%2FCameron_Johnson_Headshot.jpg&width=180&height=270&type=webp,176,"$380,200","$380,200",,
177,Gavin Gallaher,2B,North Carolina,C,https://images.sidearmdev.com/crop?url=https%3A%2F%2Fdxbhsrqyrr690.cloudfront.net%2Fsidearm.nextgen.sites%2Func.sidearmsports.com%2Fimages%2F2024%2F11%2F14%2FGallaher_Gavin.2025.bb.141.jpg&width=180&height=270&type=webp,177,"$377,000","$377,000",,
178,Deven Sheerin,RHP,LSU,C,"https://images2.minutemediacdn.com/image/upload/c_crop,w_1366,h_768,x_0,y_58/c_fill,w_1200,ar_1:1,f_auto,q_auto,g_auto/images/voltaxMediaLibrary/mmsport/lsu_country/01j0e2ejy07jgvdqpk66.jpg",178,"$373,800","$373,800",,"$1,100,000"
179,Robert Omidi,SS,St. Martin,H,https://pbs.twimg.com/profile_images/1863604578433802240/eRovkw7f_400x400.jpg,179,"$370,600","$1,000,000",,
180,Ethan McElvain,LHP,Arkansas,C,https://media.zenfs.com/en/knwa_fayetteville_articles_688/c4e65907cd6ec09de4fcf2dc1b83fde1,180,"$367,600","$367,600",,
181,Trevor Hansen,RHP,UC Irvine,C,https://ucirvinesports.com/images/2025/10/9/28hansen26.jpg?width=300,181,"$364,600","$364,600",,"$1,100,000"
182,Matthew Thomas,OF,Cal State Northridge,C,https://images.sidearmdev.com/crop?url=https%3A%2F%2Fdxbhsrqyrr690.cloudfront.net%2Fsidearm.nextgen.sites%2Fcsun.sidearmsports.com%2Fimages%2F2025%2F8%2F28%2F_4_Matthew_Thomas.jpg&width=180&height=270&type=webp,182,"$361,900","$361,900",,"$1,100,000"
183,Tommy LaPour,RHP,TCU,C,https://gofrogs.com/images/2024/10/30/Tommy_LaPour_Headshot.png?width=300,183,"$358,900","$358,900",,
184,Luke Costello,OF,Wake Forest,C,https://images.sidearmdev.com/crop?url=https%3A%2F%2Fdxbhsrqyrr690.cloudfront.net%2Fsidearm.nextgen.sites%2Fwakeforestsports.com%2Fimages%2F2025%2F1%2F28%2FLuke_Costello_Headshot_gpjcl.JPG&width=180&height=270&type=webp,184,"$355,700","$355,700",,
185,Cody Boshell,1B/OF,Bishop Snyder,H,https://image.maxpreps.io/careers/2/1/3/213d1929-faf7-4a1b-bbdd-a548dd5ef019/thumbnail.jpg?version=638907860942994194,185,"$352,900","$1,000,000",,
186,Connor Shouse,3B/OF,Texas Tech,C,https://images.sidearmdev.com/crop?url=https%3A%2F%2Fdxbhsrqyrr690.cloudfront.net%2Fsidearm.nextgen.sites%2Ftexastech.com%2Fimages%2F2025%2F10%2F1%2FBaseball_Headshots_Shouse_Connor_HS.png&width=180&height=270&type=webp,186,"$350,100","$350,100",,
187,Keller Bradley,RHP,Pennsbury,H,"https://www.phillyburbs.com/gcdn/authoring/authoring-images/2025/05/21/NBCC/83773533007-keller-bradley.jpg?crop=474,631,x0,y0",187,"$347,300","$1,000,000",,"$1,100,000"
188,Joe Tiroly,2B,Virginia,C,https://virginiasports.com/imgproxy/cPhKIAPBIi8M-mIVwimTcCS_k8dl-OJsJvWluhz6yUU/rs:fit:1980:0:0:0/g:ce:0:0/q:90/aHR0cHM6Ly9zdG9yYWdlLmdvb2dsZWFwaXMuY29tL3Zpcmdpbmlhc3BvcnRzLWNvbS1wcm9kLzIwMjYvMDIvMDQvWGZYSlNEUVRkTk9zTnFhb0tYR2ZJMW5EMjNVSENqc2J1ekFnaXlhUS5wbmc.png,188,"$344,400","$344,400",,"$1,100,000"
189,Drew Christine,LHP,St. Johns College,H,https://pbs.twimg.com/media/GW_BBi7XcAAjnMW.jpg,189,"$341,800","$1,100,000",,"$1,100,000"
190,Kyle McDaniel,2B,Utah Tech,C,https://utahtechtrailblazers.com/images/2025/11/5/2026UtahTechBASE__14KMcDaniel.jpg?width=300,190,"$338,800","$338,800",,"$1,100,000"
191,Ben Cleary,SS,Santa Clara,C,https://santaclarabroncos.com/images/2026/1/16/Cleary_Ben.jpg?width=300,191,"$335,900","$335,900",,"$1,100,000"
192,Ryan Harwood,OF,Casteel,H,"https://img.mlbstatic.com/opprops-images/image/upload/ar_1:1,g_auto,c_fill,w_1024/opprops/t3q2lpaoc4gjtul2lxe3.jpg",192,"$333,200","$1,100,000",,"$1,100,000"
193,Kael Barney,1B/OF,Nolinsville,H,https://pbs.twimg.com/media/G5kRLt5W8AAO4zJ.jpg,193,"$330,300","$1,100,000",,
194,Trey Rangel,RHP,The Colony,H,https://09d1d85a2275582e9dad-7b3e649a230e2ba2cff912d8af17e0b5.ssl.cf1.rackcdn.com/7195570.jpeg,194,"$327,700","$1,100,000",,
195,AJ Evasco,1B/OF,Kansas State,C,https://pbs.twimg.com/profile_images/1892383706410577920/JYc5ELPg_400x400.jpg,195,"$325,100","$325,100",,
196,Ross Norman,RHP,Coastal Carolina,C,https://goccusports.com/images/2025/8/26/NORMAN_ROSS_1nIF4.jpg?width=300,196,"$322,300","$322,300",,
197,Anthony Murphy,OF,Corona,H,https://image.maxpreps.io/careers/a/4/1/a4134182-c923-4849-8156-904fc2520511/thumbnail.jpg?version=638840722190256852,197,"$319,600","$1,100,000",,
198,Ryan Kucherak,SS,Northwestern,C,https://nusports.com/images/2025/1/13/17_Kucherak.jpeg,198,"$317,100","$317,100",,
199,Hunter Brown,RHP,North Hunterdon Regional,H,https://bloximages.chicago2.vip.townnews.com/newjerseyhills.com/content/tncms/assets/v3/editorial/7/05/7053b9f8-7fd5-431d-8265-67dd5215baa5/67f965eff10e1.image.jpg?resize=418%2C500,199,"$314,300","$1,000,000",,
200,Will Cutshall,SS,Seneca,H,https://pbs.twimg.com/profile_images/1789339552630366208/woKQ-M32_400x400.jpg,200,"$311,700","$1,000,000",,
201,Gavin Giese,RHP,Dana Hills,H,"https://image.maxpreps.io/rosters/b231ef20-6494-421f-b3a0-9ccbb82d678f/b/5/f/b5fecf64-cf54-4594-95d6-a6f271f819eb/original.jpg?version=638790537292731001&width=1024&crop=1:1,smart",201,"$310,000","$1,000,000",,
202,Colin Barczi,C,Vanderbilt,C,https://pbs.twimg.com/media/HBFAcfNaQAA_uPw?format=jpg&name=small,202,"$307,300","$307,300",,
203,Blake Morningstar,RHP,Wake Forest,C,https://images.sidearmdev.com/crop?url=https%3A%2F%2Fdxbhsrqyrr690.cloudfront.net%2Fsidearm.nextgen.sites%2Fwakeforestsports.com%2Fimages%2F2025%2F1%2F28%2FBlake_Morningstar_Headshot_zVOfY.JPG&width=180&height=270&type=webp,203,"$304,800","$304,800",,"$1,000,000"
204,Robbie Lavey,C/OF,George Washington,C,https://images.sidearmdev.com/crop?url=https%3A%2F%2Fdxbhsrqyrr690.cloudfront.net%2Fsidearm.nextgen.sites%2Fgwsports.com%2Fimages%2F2023%2F9%2F1%2FRobbie_ioMxc.jpg&width=180&height=270&type=webp,204,"$302,300","$302,300",,"$1,000,000"
205,Luke McNeillie,RHP,Florida,C,https://floridagators.com/images/2025/1/6/McNeillie_Luke.jpg,205,"$299,700","$299,700",,
206,Gary Morse,RHP/OF,Orange Lutheran,H,https://oluathletics.org/images/2025/2/3/Gary_Morse_13_6DK1l.JPG,206,"$297,100","$1,000,000",,"$1,000,000"
207,Wilson Andersen,RHP/SS,Jesuit,H,"https://img.mlbstatic.com/opprops-images/image/upload/ar_1:1,g_auto,c_fill,w_1024/opprops/elt1mx1rgbzgjyq6qs6k.jpg",207,"$294,800","$1,000,000",,"$1,000,000"
208,Max Kaufer,C,Wichita State,C,https://goshockers.com/images/2025/9/11/14_Max_Kaufer_eEFEi.jpg?width=300,208,"$292,300","$292,300",,"$1,000,000"
209,Wyatt Clatur,RHP,Nolensville,H,https://cdn2-sr-application.sportsrecruits.com/images/baseballrecruits/2024/7/b4a2ef192e04055812a895e4b5805b33.jpg,209,"$289,900","$1,000,000",,
210,Josh Gunther,RHP,South Carolina,C,https://gamecocksonline.com/imgproxy/KRCH4m-0KLVepEykjXvdp7u6b5xC9osVrldB7tLQ4Is/fit/564/832/ce/0/aHR0cHM6Ly9zdG9yYWdlLmdvb2dsZWFwaXMuY29tL2dhbWVjb2Nrc29ubGluZS1jb20vMjAyNS8xMS9jZjEyMmI5Zi1ndW50aGVyX2pvc2gtc2NhbGVkLmpwZw.png,210,"$287,800","$287,800",,
211,Alex Harrington,SS,Cathedral Catholic,H,"https://img.mlbstatic.com/opprops-images/image/upload/ar_1:1,g_auto,c_fill,w_1024/opprops/wnzurrgx3gxkak40ojva.jpg",211,"$285,400","$1,600,000",,
212,Max Bayles,RHP,Santa Clara,C,https://images.sidearmdev.com/convert?url=https%3A%2F%2Fdbukjj6eu5tsf.cloudfront.net%2Fsidearm.sites%2Fsantaclara.sidearmsports.com%2Fimages%2F2025%2F3%2F9%2FMax-Bayles_HBygr.jpg&type=webp,212,"$283,000","$283,000",,
213,Josiah Morris,SS,Clayton Valley,H,"https://img.mlbstatic.com/opprops-images/image/upload/ar_1:1,g_auto,c_fill,w_1024/opprops/i0i1dnsrstr6hx9rpmtx.jpg",213,"$280,900","$1,000,000",,"$1,000,000"
214,Jerek Turlij,RHP,North East,H,https://encrypted-tbn0.gstatic.com/images?q=tbn:ANd9GcQXea2W0uPHcgcw4LaDwsHS-IrbBy7YHDwq2w&s,214,"$278,700","$1,000,000",,
215,Genson Veras,OF,TNXL Academy,H,https://encrypted-tbn0.gstatic.com/images?q=tbn:ANd9GcTfiKt3O3lw9YlrPkHr-OEUP8_yaHTX4iWtbw&s,215,"$276,400","$1,000,000",,
216,Chase Kiker,RHP,Metrolina Christian,H,"https://image.maxpreps.io/rosters/60d8912b-3aa4-4b23-b827-d9905c6c9a93/e/b/c/ebce0823-5f94-4fb2-b227-524471052bb0/original.jpg?version=637927218838026801&width=1024&crop=1:1,smart",216,"$274,300","$1,000,000",,
217,Cashel Dugger,C,UCLA,C,https://images.sidearmdev.com/crop?url=https%3A%2F%2Fdxbhsrqyrr690.cloudfront.net%2Fsidearm.nextgen.sites%2Fuclabruins.com%2Fimages%2F2024%2F12%2F10%2FDugger_Cashel01.png&width=180&height=270&type=webp,217,"$272,000","$272,000",,
218,Julian Cazares,RHP,Los Banos,H,https://thewestsideexpress.com/wp-content/uploads/2024/11/Cazares1.jpeg,218,"$270,000","$1,000,000",,
219,Nathan Taylor,RHP,Cincinnati,C,https://pbs.twimg.com/profile_images/1879016777297928192/0iPsSmHM_400x400.jpg,219,"$267,800","$267,800",,
220,Trey Ebel,SS,Corona,H,"https://img.mlbstatic.com/opprops-images/image/upload/ar_1:1,g_auto,c_fill,w_1024/opprops/vojjfze4dhmj4d0zw002.jpg",220,"$266,100","$1,000,000",,
221,Caden Ferraro,OF,Texas Tech,C,https://images.sidearmdev.com/crop?url=https%3A%2F%2Fdxbhsrqyrr690.cloudfront.net%2Fsidearm.nextgen.sites%2Ftexastech.com%2Fimages%2F2025%2F10%2F1%2FBaseball_Headshots_Ferraro_Caden_HS.png&width=180&height=270&type=webp,221,"$264,100","$264,100",,"$800,000"
222,Colin White,LHP,Harrison,H,https://encrypted-tbn0.gstatic.com/images?q=tbn:ANd9GcTAREWFzfJL-j_PP8dTO-Ftkug7aTS4mcF2-Q&s,222,"$262,300","$1,000,000",,"$800,000"
223,Dom Battista,OF,Oswego East,H,https://pbs.twimg.com/profile_images/1811972911806193664/vXP7Jllz_400x400.jpg,223,"$260,300","$1,000,000",,
224,Sawyer Nelson,SS,South Salem,H,"https://www.statesmanjournal.com/gcdn/authoring/authoring-images/2025/05/10/PSAL/83550752007-250509-bb-spraguevs-south-salem-11.jpg?crop=3686,2074,x0,y0",225,"$258,400","$1,000,000",,
224,Rock Arnold,SS,North Kingstown Senior,H,https://bloximages.chicago2.vip.townnews.com/independentri.com/content/tncms/assets/v3/editorial/c/ce/cce37bd3-85e3-423c-90c5-a3977863853d/68dd7adda4da1.image.jpg?resize=734%2C500,224,"$256,500","$1,000,000",,
225,Wessley Roberson,OF,Glynn Academy,H,https://pbs.twimg.com/media/GdKSTXLXwAAFX86?format=jpg&name=large,226,"$254,900","$1,000,000",,
226,Bane Barker,RHP,Sandalwood,H,https://pbs.twimg.com/media/G1TXlqBXQAAa9P7?format=jpg&name=small,227,"$253,300","$600,000",,
227,Parker Loew,SS,Trinity Christian Academy,H,https://pbs.twimg.com/profile_images/1893117302507188224/A5WoFVGu_200x200.jpg,228,"$251,500","$1,100,000",,
228,Tate McKee,RHP,Georgia Tech,C,https://ramblinwreck.com/imgproxy/LWXruP5IfH0LgOnfHw2BTizi_58RpvmteeRGeLfralc/fit/2500/2500/ce/0/aHR0cHM6Ly9yYW1ibGlud3JlY2suY29tL3dwLWNvbnRlbnQvdXBsb2Fkcy8yMDI0LzExL1RhdGUtTWNLZWUtSFMuanBn.jpg,229,"$249,300","$249,300",,
229,Dylan Vigue,RHP,Georgia,C,https://images.sidearmdev.com/crop?url=https%3A%2F%2Fdxbhsrqyrr690.cloudfront.net%2Fsidearm.nextgen.sites%2Fgeorgiadogs.com%2Fimages%2F2025%2F8%2F19%2FVigue__Dylan.JPG&width=180&height=270&type=webp,230,"$247,900","$247,900",,"$800,000"
230,John Abraham,RHP,Florida State,C,https://images.sidearmdev.com/crop?url=https%3A%2F%2Fdxbhsrqyrr690.cloudfront.net%2Fsidearm.nextgen.sites%2Ffsuni.sidearmsports.com%2Fimages%2F2024%2F9%2F2%2FAbraham__John.JPG&width=180&height=270&type=webp,231,"$245,800","$245,800",,
231,Christian Doty,SS,Lausanne Collegiate,H,https://7d7ce4d2fd579ab1db8f-ff847b6fa91c3461c76d26fad16823fb.ssl.cf1.rackcdn.com/20127.jpg,232,"$244,500","$1,100,000",,
232,Dawson Montesa,RHP,West Virginia,C,https://images.sidearmdev.com/crop?url=https%3A%2F%2Fdxbhsrqyrr690.cloudfront.net%2Fsidearm.nextgen.sites%2Fwvuni.sidearmsports.com%2Fimages%2F2026%2F1%2F15%2FMontesa__Dawson.jpg&width=180&height=270&type=webp,233,"$242,700","$242,700",,
233,Jason Amalbert,OF/SS,DePaul Catholic,H,https://cdn.shopify.com/s/files/1/0625/7698/4296/files/Screenshot_2025-04-25_at_1.54.51_PM.png?v=1745603698,234,"$241,000","$1,100,000",,
234,Alex Petrovic,RHP,Auburn,C,https://auburntigers.com/imgproxy/e6zCScTQWAUAqz5Z6zI34uegHbzluTUnKA7iBWIT7Xg/rs:fit:1920:0:0:0/q:90/aHR0cHM6Ly9zdG9yYWdlLmdvb2dsZWFwaXMuY29tL2F1YnVybi1wcm9kLzIwMjYvMDEvMjkvdEtMdUNBRFJiSEtjQ2xCYmJUTlVuOUVBVFJ5VFFCdHRSeGphWURNVy5qcGc.jpg,235,"$239,200","$239,200",,"$800,000"
235,Connor Fennell,RHP,Vanderbilt,C,https://vucommodores.com/wp-content/uploads/2025/01/39_Fennell_Connor.jpg,236,"$237,800","$237,800",,"$800,000"
236,John Stowers,C,St. Paul's Episcopal,H,https://pbs.twimg.com/profile_images/1502485377327771650/FzpF44R3_400x400.jpg,237,"$236,100","$900,000",,
237,Dominic Longo,OF,Arizona State,C,https://thesundevils.com/imgproxy/e2iPZkl0KuWuJeMD4aMwWbjtYJ0mvtJ6jd8HXO5Ogy8/rs:fit:1920:0:0:0/q:90/aHR0cHM6Ly9zdG9yYWdlLmdvb2dsZWFwaXMuY29tL3RoZXN1bmRldmlscy1jb20tcHJvZC8yMDI1LzA5LzEyL29uRDd4azJORGxuUW1udHlUVWtKZFFGYmg0dUhCaWFtbDBjZlZhNHkuanBn.jpg,238,"$234,700","$234,700",,
238,Chris McHugh,1B,NC State,C,https://images.sidearmdev.com/crop?url=https%3A%2F%2Fdxbhsrqyrr690.cloudfront.net%2Fsidearm.nextgen.sites%2Fgopack.com%2Fimages%2F2024%2F11%2F26%2FChris_McHugh.png&width=180&height=270&type=webp,239,"$233,400","$233,400",,
239,Cameron Jackson,SS,Georgia Premier Academy,H,https://pbs.twimg.com/profile_images/1535995748461993985/xQ3EmVey_400x400.jpg,240,"$232,100","$900,000",,
240,Eric Nachtsheim,RHP,McNeese State,C,https://mcneesesports.com/images/2025/10/14/Eric_Nachtsheim__2x3__cBrXQ.png?width=300,241,"$231,000","$231,000",,
241,Braden Holcomb,3B/OF,Vanderbilt,C,https://vucommodores.com/wp-content/uploads/2025/01/26_Holcomb_Braden.jpg,242,"$229,700","$229,700",,
242,Owen Hull,OF,North Carolina,C,https://images.sidearmdev.com/crop?url=https%3A%2F%2Fdxbhsrqyrr690.cloudfront.net%2Fsidearm.nextgen.sites%2Func.sidearmsports.com%2Fimages%2F2025%2F10%2F2%2FHull_Owen.2026.bb.2860.jpg&width=180&height=270&type=webp,243,"$228,600","$228,600",,
243,Ethan Offing,OF/SS,Dutch Fork,H,https://09d1d85a2275582e9dad-7b3e649a230e2ba2cff912d8af17e0b5.ssl.cf1.rackcdn.com/9988506.jpeg,244,"$227,200","$900,000",,
244,Bryant James,SS,Gonzaga,H,https://cdn.millions.co/athlete/cf41865d-a7f4-4591-8c9a-08ef62b6da29-1685750672265.jpg,245,"$226,300","$900,000",,
245,Ryan Piech,RHP,Xavier,C,https://images.sidearmdev.com/crop?url=https%3A%2F%2Fdxbhsrqyrr690.cloudfront.net%2Fsidearm.nextgen.sites%2Fgoxavier.com%2Fimages%2F2025%2F10%2F15%2FPiech_R_000002.jpg&width=180&height=270&type=webp,246,"$225,300","$225,300",,
246,Landon Koenig,RHP,Ole Miss,C,https://pbs.twimg.com/profile_images/1937338874360897536/qLyORa03_400x400.jpg,247,"$224,100","$224,100",,
247,Kuhio Aloy,OF/1B,Arkansas,C,https://arkansasrazorbacks.com/wp-content/uploads/2025/01/25-Kuhio-Aloy-BSB-2025-120829-1x1-1.jpg,248,"$223,100","$223,100",,
248,Kenny Ishikawa,LHP/OF,Georgia,C,https://cdn.d1baseball.com/uploads/2025/11/11171426/KennyIshikawa.jpeg,249,"$222,200","$222,200",,
249,Matthew Sharman,RHP,Etowah,H,"https://img.mlbstatic.com/opprops-images/image/upload/ar_1:1,g_auto,c_fill,w_1024/opprops/h23cauhioddhrj9gbrua.jpg",250,"$220,900","$1,100,000",,"$800,000"
250,Brock Rein,3B/OF,Starrs Mill,H,https://pbs.twimg.com/profile_images/1909225313730465794/rKWh4Yzb_400x400.jpg,251,"$220,400","$1,100,000",,
251,Isaac Morton,RHP,Minnesota,C,https://images.sidearmdev.com/crop?url=https%3A%2F%2Fdxbhsrqyrr690.cloudfront.net%2Fsidearm.nextgen.sites%2Fgophersports.com%2Fimages%2F2025%2F10%2F13%2FMorton_Isaac_0016.jpg&width=180&height=270&type=webp,252,"$219,500","$219,500",,
252,Gannon Grant,RHP,Center Grove,H,https://image.maxpreps.io/careers/1/c/5/1c55d417-2ff6-ec11-80d3-0a9bf6d97784/thumbnail.jpg?version=638858472859022227,253,"$218,500","$900,000",,
253,Kyle Johnson,LHP/OF,Virginia,C,https://images.sidearmdev.com/crop?url=https%3A%2F%2Fdxbhsrqyrr690.cloudfront.net%2Fsidearm.nextgen.sites%2Fgoduke.com%2Fimages%2F2024%2F11%2F14%2FJohnson-Kyle_HS25.png&width=180&height=270&type=webp,254,"$217,800","$217,800",,
254,Maika Niu,OF,Arkansas,C,"https://images2.minutemediacdn.com/image/upload/c_crop,w_1279,h_719,x_1,y_0/c_fill,w_720,ar_16:9,f_auto,q_auto,g_auto/images/voltaxMediaLibrary/mmsport/all_hogs/01k6s4gpkm26gsh53eqc.jpg",255,"$217,000","$217,000",,"$800,000"
255,Easton Kitura,3B/OF,Vauxhaul,H,https://pbs.twimg.com/media/GbO4MvJXkAEtC_w?format=jpg&name=4096x4096,256,"$216,100","$900,000",,"$800,000"
256,Louis Hernandez,3B,Lake Mary,H,https://members.baseballfactory.com/player/lh/b4b3c1f7c9cf4c4b9ac3f19307eadf19.jpg,257,"$215,400","$900,000",,
257,Aidan Knaak,RHP,Clemson,C,https://clemsontigers.com/imgproxy/tE2Op94wyJmT6yJaQcr-iqRPa8Xdm8nId2OZkcTBBTQ/rs:fit:1980:0:0:0/g:ce:0:0/q:90/aHR0cHM6Ly9zdG9yYWdlLmdvb2dsZWFwaXMuY29tL2NsZW1zb250aWdlcnMtY29tLzIwMjUvMTEvS25hYWtBaWRhbi5qcGc.jpg,258,"$214,800","$214,800",,
258,Braxton Beaty,LHP,Angleton,H,https://bloximages.chicago2.vip.townnews.com/thefacts.com/content/tncms/assets/v3/editorial/c/39/c3974f7d-e126-5d01-9df7-15caa05af118/63f849876aeb9.image.jpg?resize=697%2C500,259,"$213,900","$900,000",,
259,Tre Phelps,OF,Georgia,C,https://images.sidearmdev.com/crop?url=https%3A%2F%2Fdxbhsrqyrr690.cloudfront.net%2Fsidearm.nextgen.sites%2Fgeorgiadogs.com%2Fimages%2F2024%2F9%2F11%2FPhelps__Tre.JPG&width=180&height=270&type=webp,260,"$213,300","$213,300",,
260,Bo Rhudy,RHP,Tennessee,C,https://images.sidearmdev.com/crop?url=https%3A%2F%2Fdxbhsrqyrr690.cloudfront.net%2Fsidearm.nextgen.sites%2Futsports.com%2Fimages%2F2025%2F10%2F8%2FRhudy_Bo.jpg&width=180&height=270&type=webp,261,"$212,600","$212,600",,
261,Cody New,LHP,Cal Baptist,C,https://cbulancers.com/images/2024/11/6/247A5117.jpg?width=300,262,"$212,000","$212,000",,"$800,000"
262,Eric Segura,RHP,Oregon State,C,https://images.sidearmdev.com/crop?url=https%3A%2F%2Fdxbhsrqyrr690.cloudfront.net%2Fsidearm.nextgen.sites%2Foregonstate.sidearmsports.com%2Fimages%2F2024%2F10%2F28%2F25BB_Headshot_SeguraEric_00630.jpg&width=180&height=270&type=webp,263,"$211,200","$211,200",,
263,Max Yehl,LHP,West Virginia,C,https://images.sidearmdev.com/crop?url=https%3A%2F%2Fdxbhsrqyrr690.cloudfront.net%2Fsidearm.nextgen.sites%2Fwvuni.sidearmsports.com%2Fimages%2F2026%2F1%2F15%2FYehl__Maxx.jpg&width=180&height=270&type=webp,264,"$210,600","$210,600",,
264,Beau Bryans,LHP,Jacksonville State,C,https://images.sidearmdev.com/crop?url=https%3A%2F%2Fdxbhsrqyrr690.cloudfront.net%2Fsidearm.nextgen.sites%2Frolltide.com%2Fimages%2F2025%2F1%2F16%2FBryans__Beau.jpg&width=180&height=270&type=webp,265,"$210,200","$210,200",,
265,Sam Harris,1B/OF,Virginia,C,https://virginiasports.com/imgproxy/PKOpM6nxT8joKNGKrNG2L2QH1HcwczCJgokMppsXCCI/rs:fit:1980:0:0:0/g:ce:0:0/q:90/aHR0cHM6Ly9zdG9yYWdlLmdvb2dsZWFwaXMuY29tL3Zpcmdpbmlhc3BvcnRzLWNvbS1wcm9kLzIwMjYvMDIvMDQvT1M3eUgxeXpNOUE2d2cxT1pIa0JnZDczcVU5VUF2RkltQmt6ZXdYVy5wbmc.png,266,"$209,500","$209,500",,
266,Griffin Long,RHP,Sonoraville,H,https://09d1d85a2275582e9dad-7b3e649a230e2ba2cff912d8af17e0b5.ssl.cf1.rackcdn.com/8009256.jpeg,267,"$209,000","$900,000",,
267,Grayson Fitzwater,1B,VMI,C,https://vmikeydets.com/images/2025/12/11/FITZWATER_GRAYSON_NDB02449.jpg?width=300,268,"$208,500","$208,500",,
268,Calvin Proskey,RHP,UC Santa Barbara,C,https://cowlitzblackbears.com/wp-content/uploads/2024/05/Prosky-270x370.jpg,269,"$207,900","$207,900",,
269,Matt Scott,RHP,Georgia,C,https://images.sidearmdev.com/crop?url=https%3A%2F%2Fdxbhsrqyrr690.cloudfront.net%2Fsidearm.nextgen.sites%2Fgeorgiadogs.com%2Fimages%2F2025%2F8%2F19%2FScott__Matt.JPG&width=180&height=270&type=webp,270,"$207,200","$207,200",,"$800,000"
270,James Jorgensen,RHP,Jesuit College Prep,H,"https://image.maxpreps.io/rosters/76954902-6d31-4d59-b6f4-dbdf36f35ff5/4/5/0/4501099b-9c2a-4ea5-96a7-cf1c3b3a1a3f/original.jpg?version=638444342313148849&width=1024&crop=1:1,smart",271,"$206,800","$900,000",,"$800,000"
271,Rohan Lettow,RHP,San Diego State,C,https://goaztecs.com/imgproxy/MhWeTWubUO7WqPZCPzSw1qty7Ku71yNaqVL--0BIA6U/rs:fit:480:0:0:0/q:85/aHR0cHM6Ly9zdG9yYWdlLmdvb2dsZWFwaXMuY29tL3Nkc3UtcHJvZC8yMDI1LzEyLzIyL2RKU1ZVcFpxenVUeHpYSmhyVVNmcXlzS3BMQmgzUlR5SzlOOHVoN3EuanBn.jpg,272,"$206,300","$206,300",,
272,Landon Brown,RHP/3B,Iowa Colony,H,https://pbs.twimg.com/profile_images/1631144067856838656/pl_jPV15_400x400.jpg,273,"$205,800","$900,000",,
273,Justin Leguernic,LHP,Clemson,C,https://clemsontigers.com/imgproxy/sS2i9_H2rqPfC_zYIDoEqCKx6NlLvWaZonLM4AKAaIU/rs:fit:1980:0:0:0/g:ce:0:0/q:90/aHR0cHM6Ly9zdG9yYWdlLmdvb2dsZWFwaXMuY29tL2NsZW1zb250aWdlcnMtY29tLzIwMjUvMTEvTGVHdWVybmljSnVzdGluLmpwZw.jpg,274,"$205,400","$205,400",,
274,Judah Ota,OF,Iolani,H,https://i.ytimg.com/vi/uPrvFAK1nGo/hq720.jpg?sqp=-oaymwEhCK4FEIIDSFryq4qpAxMIARUAAAAAGAElAADIQj0AgKJD&rs=AOn4CLD0TtOohooX2ev3JkJW38dRZzxMqg,275,"$205,000","$900,000",,
275,Eric Zdunek,OF,Orange Lutheran,H,https://pbs.twimg.com/profile_images/1822479554243649536/KTWmgzrJ_400x400.jpg,276,"$204,400","$900,000",,
276,Grayson Willoughby,RHP,Trinity,H,https://pbs.twimg.com/profile_images/1959326978990891008/-ASGhQme_400x400.jpg,277,"$204,100","$900,000",,
277,Ryan Cooney ,SS,Oregon,C,https://images.sidearmdev.com/crop?url=https%3A%2F%2Fdxbhsrqyrr690.cloudfront.net%2Fsidearm.nextgen.sites%2Fuoregon.sidearmsports.com%2Fimages%2F2025%2F1%2F30%2FCooney__Ryan.JPG&width=180&height=270&type=webp,278,"$203,500","$203,500",,
278,Dylan Schlaegel,OF,Dallas Baptist,C,https://dbupatriots.com/images/2025/11/25/bsbl_headshots-53.jpg?width=300,279,"$202,900","$202,900",,
279,Cole Tryba,LHP,UC Santa Barbara,C,https://ucsbgauchos.com/images/2024/12/22/Cole_Tryba_Baseball_Headshot_2025_0054_GW4O5.jpg,280,"$202,700","$202,700",,
280,Isaiah James,LHP,South Central,H,https://09d1d85a2275582e9dad-7b3e649a230e2ba2cff912d8af17e0b5.ssl.cf1.rackcdn.com/9270459.jpeg,281,"$202,500","$900,000",,"$800,000"
281,Ty Burnham,RHP,Rogers,H,https://pbs.twimg.com/profile_images/1916603945306173440/E9KLYZmX_400x400.jpg,282,"$202,100","$900,000",,
282,Sal Garcia,SS,Delbarton,H,https://delbartonathletics.org/images/2025/3/28/00_Delbarton_Baseball-4133.jpeg,283,"$201,700","$900,000",,
283,Jacob Sammis,SS/RHP,Glynn Academy,H,https://pbs.twimg.com/profile_images/1939469805465034752/7ua9M480_400x400.jpg,284,"$201,500","$750,000",,
284,Luke Pettitte,RHP/1B,Dallas Baptist,C,https://dbupatriots.com/images/2024/12/18/Pettitte__Luke.jpg,285,"$200,900","$200,900",,
285,CJ Weinstein,SS,Orange Lutheran,H,"https://image.maxpreps.io/rosters/76954902-6d31-4d59-b6f4-dbdf36f35ff5/4/c/c/4cc8e804-f911-4295-b66f-2ab9566db959/original.jpg?version=638446535350500927&width=1024&crop=1:1,smart",286,"$200,100","$750,000",,"$800,000"
286,Jaxson Wood,SS,Hoover,H,https://hooversun.com/downloads/47616/download/SUN-SPORTS---Spring-sports-postseason-awards_0K7A1667_Radiant.jpg?cb=7d6ac38482f0ef1685dbc316bbbc22bc&w=640,287,"$199,900","$750,000",,
287,Alain Gomez-Gudiño,C,Saguaro,H,https://pbs.twimg.com/profile_images/1801401774794018816/-QSkoYBA_400x400.jpg,288,"$199,500","$750,000",,
288,Rookie Shepard,SS,Faith Lutheran,H,https://7d7ce4d2fd579ab1db8f-ff847b6fa91c3461c76d26fad16823fb.ssl.cf1.rackcdn.com/22148.jpg,289,"$199,200","$750,000",,
289,Ethan Mendoza,2B,Texas,C,https://texaslonghorns.com/images/2025/1/18/Mendoza_Ethan-Cropped-2025.jpg,290,"$198,900","$198,900",,
290,Macon Winslow,C,North Carolina,C,https://images.sidearmdev.com/crop?url=https%3A%2F%2Fdxbhsrqyrr690.cloudfront.net%2Fsidearm.nextgen.sites%2Func.sidearmsports.com%2Fimages%2F2025%2F10%2F2%2FWinslow_Macon.2026.bb.2731.jpg&width=180&height=270&type=webp,291,"$198,600","$198,600",,"$800,000"
291,Connor Marshburn,RHP,UNC Wilmington,C,https://uncwsports.com/images/2025/12/11/25-Marshburn.jpg?width=300,292,"$198,300","$198,300",,"$800,000"
292,Jorvorskie Lane Jr.,OF,OD Wyatt,H,"https://img.mlbstatic.com/opprops-images/image/upload/ar_1:1,g_auto,c_fill,w_1024/opprops/dvhpzinn3hicewtgupmt.jpg",293,"$197,900","$750,000",,
293,Levi Nickoli,SS,Homewood,H,https://pbs.twimg.com/profile_images/1853478649170681856/9I02Uvl2_400x400.jpg,294,"$197,400","$750,000",,
294,Nathan Aceves,RHP,UC Santa Barbara,C,https://images.sidearmdev.com/convert?url=https%3A%2F%2Fdxbhsrqyrr690.cloudfront.net%2Fsidearm.nextgen.sites%2Fucsb.sidearmsports.com%2Fimages%2F2025%2F4%2F1%2FBA_SD_2025_009.png&type=webp,295,"$197,200","$197,200",,
295,Michael Graziano,OF,Mercer,C,https://images.sidearmdev.com/crop?url=https%3A%2F%2Fdxbhsrqyrr690.cloudfront.net%2Fsidearm.nextgen.sites%2Fmercer.sidearmsports.com%2Fimages%2F2026%2F1%2F14%2FMichael_Graziano.jpg&width=180&height=270&type=webp,296,"$196,500","$196,500",,"$800,000"
296,Ryan Zuckerman,3B/1B,Georgia Tech,C,https://pbs.twimg.com/media/Gssv3puXUAA-nRP?format=png&name=small,297,"$196,200","$196,200",,
297,Alfredo Capacete,RHP,Cal Baptist,C,https://images.sidearmdev.com/crop?url=https%3A%2F%2Fdxbhsrqyrr690.cloudfront.net%2Fsidearm.nextgen.sites%2Fcalbaptist.sidearmsports.com%2Fimages%2F2025%2F11%2F24%2FAlfredo_Capacete_b6SMP.jpg&width=180&height=270&type=webp,298,"$196,000","$196,000",,"$800,000"
298,Cider Canon,C,Duke,C,https://images.sidearmdev.com/crop?url=https%3A%2F%2Fdxbhsrqyrr690.cloudfront.net%2Fsidearm.nextgen.sites%2Fgoduke.com%2Fimages%2F2025%2F12%2F16%2FCiderCanon.png&width=180&height=270&type=webp,299,"$195,600","$195,600",,"$800,000"
299,Jonny Tena,SS,Aquinas,H,https://pbs.twimg.com/profile_images/1952106886507147264/QOGSeby9_400x400.jpg,300,"$195,200","$750,000",,
300,Owen Clyne,SS,George Mason,C,https://gomason.com/images/2025/10/15/Clyne_Owen01.jpg?width=275,301,"$195,000","$195,000",,
301,Tyson Grulkowski,RHP,Muskego,H,https://pbs.twimg.com/profile_images/1925769922652573696/LWzm9gTF_400x400.jpg,302,"$194,800","$750,000",,"$750,000"
302,Kyle Casteel,RHP,Butler Area,H,https://imengine.public.prod.bte.navigacloud.com/?uuid=8e933442-d7bb-5f4f-b87e-d67042a442c1&function=cover&type=preview&source=false&width=1600&height=1085,303,"$194,500","$750,000",,
303,Davis Rivers,C,Texas Tech,C,https://images.sidearmdev.com/crop?url=https%3A%2F%2Fdxbhsrqyrr690.cloudfront.net%2Fsidearm.nextgen.sites%2Ftexastech.com%2Fimages%2F2025%2F10%2F1%2FBaseball_Headshots_Rivers_Davis_HS.png&width=180&height=270&type=webp,304,"$194,000","$194,000",,"$750,000"
304,Luke Nixon,2B,NC State,C,https://images.sidearmdev.com/crop?url=https%3A%2F%2Fdxbhsrqyrr690.cloudfront.net%2Fsidearm.nextgen.sites%2Fgopack.com%2Fimages%2F2025%2F8%2F21%2FLuke_Nixon.png&width=180&height=270&type=webp,305,"$193,700","$193,700",,"$750,000"
305,Jake Duer,OF,Texas A&M,C,https://images.sidearmdev.com/crop?url=https%3A%2F%2Fdxbhsrqyrr690.cloudfront.net%2Fsidearm.nextgen.sites%2Ftamu.sidearmsports.com%2Fimages%2F2026%2F1%2F21%2FDuer_-Jake.jpg&width=180&height=270&type=webp,306,"$193,600","$193,600",,"$750,000"
306,Ethan Surowiec,1B/OF,Florida,C,https://assets.northwoodsleague.com/wp-content/uploads/2025/08/93193-Ethan-Surowiec.jpg,307,"$193,300","$193,300",,"$750,000"
307,Drew Titsworth,RHP,Clemson,C,"https://clemsonwire.usatoday.com/gcdn/authoring/authoring-images/2025/04/21/SCLM/83203713007-usatsi-25964365.jpg?crop=2399,1350,x0,y208&width=1600&height=800&format=pjpg&auto=webp",308,"$193,000","$193,000",,"$750,000"
308,Grayden Seuferling,RHP,Blue Springs South,H,https://pbs.twimg.com/profile_images/1948434409843306496/6qzDVT9M_400x400.jpg,309,"$192,500","$750,000",,
309,Shawn Sullivan,RHP,Walsh Jesuit,H,https://www.beaconjournal.com/gcdn/authoring/authoring-images/2025/05/01/NABJ/83380424007-walsh-twinsburg-baseball-3.JPG?width=700&height=778&fit=crop&format=pjpg&auto=webp,310,"$192,300","$750,000",,
310,Coleton Brady,RHP,TNXL Academy,H,https://www.fieldlevel.com/webapi/v2/LegacyImages/Headshot?Username=coleton.brady&Width=256,311,"$191,900","$750,000",,"$750,000"
311,Cooper Moore,RHP,LSU,C,"https://images2.minutemediacdn.com/image/upload/c_crop,w_1236,h_695,x_0,y_513/c_fill,w_720,ar_16:9,f_auto,q_auto,g_auto/images/voltaxMediaLibrary/mmsport/lsu_country/01jzxc7r5wrf8fbjm9eb.jpg",312,"$191,900","$191,900",,"$750,000"
312,Garrett Wright,C,Tennessee,C,"https://on3static.com/cdn-cgi/image/height=417,width=795,quality=90,fit=cover,gravity=0.5x0.5/uploads/dev/assets/cms/2025/06/12124203/thumbnail_IMG_0349.png",313,"$191,900","$191,900",,"$750,000"
313,Taylor Rabe,RHP,Ole Miss,C,https://images.sidearmdev.com/crop?url=https%3A%2F%2Fdxbhsrqyrr690.cloudfront.net%2Fsidearm.nextgen.sites%2Folemisssports.com%2Fimages%2F2026%2F2%2F6%2FTaylor_Rabe.jpg&width=180&height=270&type=webp,,,,,
314,Miles Young,SS,Episcopal,H,https://pbs.twimg.com/media/F2zP_MeaAAARlnW.jpg:large,,,"$750,000",,
315,Anthony Potestio,SS,UC San Diego,C,https://ucsdtritons.com/images/2025/2/9/Potestio_Anthony.jpg,,,,,
316,Jack Dugan,SS,Lipscomb Academy,H,"https://www.tennessean.com/gcdn/authoring/authoring-images/2025/04/23/PNAS/83221530007-cpalabbb-042225-an-013.jpg?crop=2417,2418,x0,y0",,,"$750,000",,"$750,000"
317,Josiah Kemp,OF,Westmoore,H,https://pbs.twimg.com/media/GrG6z5GWcAAq8k-.jpg,,,"$750,000",,"$750,000"
318,Hudson Calhoun,RHP,Ole Miss,C,,,,,,
319,Jayden Parker,SS,University City,H,https://pbs.twimg.com/profile_images/1793835460063809537/_2Gz995E_400x400.jpg,,,"$750,000",,"$750,000"
320,Gavin Van Kempen,RHP,East Carolina,C,https://images.sidearmdev.com/crop?url=https%3A%2F%2Fdxbhsrqyrr690.cloudfront.net%2Fsidearm.nextgen.sites%2Fecupirates.com%2Fimages%2F2025%2F12%2F2%2FVan_Kempen_Gavin_COAT_TIE_MUG_2025-1.jpg&width=180&height=270&type=webp,,,,,"$750,000"
321,Jaxon Jelkin,RHP,Kentucky,C,https://pbs.twimg.com/media/G2gtFGgWcAANCGT?format=jpg&name=medium,,,,,
322,Ryan McKay,2B,Michigan State,C,https://images.sidearmdev.com/crop?url=https%3A%2F%2Fdxbhsrqyrr690.cloudfront.net%2Fsidearm.nextgen.sites%2Fmsuspartans.com%2Fimages%2F2025%2F1%2F26%2FMcKay__Ryan_11.14.24_MSU_BASEBALL_PORTRAITS_0597_CxRyX.JPG&width=180&height=270&type=webp,,,,,"$750,000"
323,Jace Mataczynski,SS,Hudson,H,https://pbs.twimg.com/profile_images/1843851958567792640/fSe0d9Xr_400x400.jpg,,,"$750,000",,
324,Collin Jennings,OF,Illinois,C,https://d1iubivivot1gj.cloudfront.net/images/2024/9/11/Jennings_Collin_WEB_20240825_BSB_Headshot_KS_0268_rXY8m.jpg?width=300,,,,,"$750,000"
325,Cade Belyeu,OF,Auburn,C,https://auburntigers.com/imgproxy/oTiAxpQDbMJdj45CJ0j4UNvfQQxUqvR_Xf1Vv9zwwXs/rs:fit:1980:0:0/g:ce/q:90/aHR0cHM6Ly9zdG9yYWdlLmdvb2dsZWFwaXMuY29tL2F1YnVybi1wcm9kLzIwMjQvMDkvMTEvS0MwQ0JncGJ1aWxMUTYzTVV3aWhOVmp0OXo2UFN1UUk3Tkp3TVo2OS5qcGc.jpg,,,,,
326,Jacob Johnson,3B,St. Mary's,C,https://images.sidearmdev.com/crop?url=https%3A%2F%2Fdxbhsrqyrr690.cloudfront.net%2Fsidearm.nextgen.sites%2Fsmcgaels.com%2Fimages%2F2026%2F1%2F28%2FJacob_Johnson_Cropped_HS.png&width=180&height=270&type=webp,,,,,
327,Ben Hanley,RHP,Mason,H,https://pbs.twimg.com/profile_images/1778234382395863040/tdUo3Pqw_400x400.jpg,,,"$750,000",,"$750,000"
328,Brandon Arvidson,LHP,Tennessee,C,"https://img.mlbstatic.com/mlb-images/image/upload/ar_16:9,g_auto,q_auto:good,w_1024,c_fill,f_jpg/mlb/y9uuorve5zakobpotfah",,,,,
329,Colten Springall,2B,Lipscomb Academy,H,https://dashboard.nationalpid.com/uploads/612291_PROFILE_IMG_31714.png,,,"$750,000",,"$750,000"
330,Cash Scarborough,RHP,Memorial,H,https://09d1d85a2275582e9dad-7b3e649a230e2ba2cff912d8af17e0b5.ssl.cf1.rackcdn.com/7760941.jpeg,,,"$750,000",,
331,Caleb Liggon,SS/3B,James Madison Memorial,H,https://bloximages.chicago2.vip.townnews.com/madison.com/content/tncms/assets/v3/editorial/c/77/c778597b-71d1-4491-ac44-0f952c75e1a9/685c0a942faaa.image.jpg?resize=1200%2C1481,,,"$750,000",,
332,Carson Bailey,LHP,McClennan,C,https://pbs.twimg.com/media/FS1LpDOWUAEH5FP?format=jpg&name=large,,,,,"$750,000"
333,Michael Addari,RHP,Illinois State,C,https://goredbirds.com/images/2025/9/2/Michael_Addari.png,,,,,
334,Josh Skowronski,OF,Winthrop,C,https://images.sidearmdev.com/convert?url=https%3A%2F%2Fdxbhsrqyrr690.cloudfront.net%2Fsidearm.nextgen.sites%2Fwinthropeagles.com%2Fimages%2F2025%2F4%2F28%2FJosh_Skowronski_3.jpg&type=webp,,,,,
335,Cooper Webb,RHP,Lake Travis,H,https://static.hudl.com/users/prod/21757031_16739e768bcb4cb699204796635b964d.jpg,,,"$750,000",,
336,Colin Fisher,LHP,Arkansas,C,https://arkansasrazorbacks.com/wp-content/uploads/2026/01/26BSB_38-Colin-Fisher_6062_NS_1x1.png,,,,,
337,Anthony Del Angel,OF,V. Sue Cleveland,H,https://bloximages.chicago2.vip.townnews.com/rrobserver.com/content/tncms/assets/v3/editorial/2/61/261c79e2-c5cf-433f-a68f-5f6f72decb24/680ffe6154edd.image.jpg?resize=400%2C295,,,"$750,000",,
338,Justin Munoz,C,Millbrook,H,https://pbs.twimg.com/profile_images/1992817362370752512/DeeOhpqc_400x400.jpg,,,"$750,000",,
339,Parker Davis,LHP,Fountain Inn,H,https://pbs.twimg.com/profile_images/1893368434903162880/7fsX4s8d_400x400.jpg,,,"$750,000",,
340,Deiten Lachance,C,Oklahoma,C,https://images.sidearmdev.com/crop?url=https%3A%2F%2Fdxbhsrqyrr690.cloudfront.net%2Fsidearm.nextgen.sites%2Fsoonersports.com%2Fimages%2F2025%2F9%2F9%2FDeiten_LaChance_Headshot.jpg&width=180&height=270&type=webp,,,,,
341,Finbar O'Brien,RHP,Gonzaga,C,https://d2jpxbzntgxotn.cloudfront.net/images/2025/9/11/finbar_obrien.JPG?width=300,,,,,
342,Dylan Bowen,SS,Hanover Central,H,"https://www.chicagotribune.com/wp-content/uploads/2024/04/PTB-L-BAS-BOWEN-0424-e1713877059656.jpg?w=1800&resize=1800,1800",,,"$750,000",,
343,Nate Gray,RHP,BYU,C,https://byucougars.com/imgproxy/omdI7aS14guSGIoHCF1UTl6XyOLUS6mD9s4d9PzKqX8/rs:fit:480:0:0:0/q:85/aHR0cHM6Ly9zdG9yYWdlLmdvb2dsZWFwaXMuY29tL2J5dWNvdWdhcnMtcHJvZC8yMDI1LzEyLzA2L2UzRmxSeHdWREdTMEpqWGVNdGJVQ1pSZE82SDZvb3V4SFBOZ3lrd2MuanBn.jpg,,,,,
344,Bishop Quarles,OF,Florida SouthWestern,C,https://www.fswbucs.com/sports/bsb/2025-26/files/Quarles_26.jpg?max_width=600&max_height=800,,,,,
345,Matthew Mansbery,SS,Walsh Jesuit,H,https://www.beaconjournal.com/gcdn/authoring/authoring-images/2025/06/06/NABJ/84060981007-walsh-lakewood-base-14.JPG,,,"$750,000",,
346,Lorenzo Carrier,OF,Pittsburgh,C,https://images.sidearmdev.com/crop?url=https%3A%2F%2Fdxbhsrqyrr690.cloudfront.net%2Fsidearm.nextgen.sites%2Fpittsburghpanthers.com%2Fimages%2F2025%2F9%2F5%2FCarrier__Lorenzo_GyCWo.jpg&width=180&height=270&type=webp,,,,,
347,Jack Slighton,RHP,Lyons,H,https://pbs.twimg.com/profile_images/1932621433127018497/8ktlm6i__400x400.jpg,,,"$750,000",,
348,Jacob Bean,RHP,Louisville,C,https://pbs.twimg.com/media/G2yOofIWQAAWxVJ?format=jpg&name=medium,,,,,"$750,000"
349,PJ Moutzouridis,SS,Arizona State,C,https://thesundevils.com/imgproxy/dnYgaGls0X89m8k_hTzW1_LF_GC5IB4WhmhY67HO9ZA/rs:fit:1980:0:0/g:ce/q:90/aHR0cHM6Ly9zdG9yYWdlLmdvb2dsZWFwaXMuY29tL3RoZXN1bmRldmlscy1jb20tcHJvZC8yMDI1LzA5LzA4L1JjZ1NUN3RpcmdXQ0NKWGdiMTdsUWd3MG9RS1BHZXBFMG94MktZVTEuanBn.jpg,,,,,
350,Griffin Graves,LHP,Auburn,C,,,,,,
351,Tatum Marsh,OF,Stanford,C,https://gostanford.com/imgproxy/v3eyDd1auKsarP5t0BOYfblzxQ8Nr0A3MtYH8R3ZvcI/rs:fit:1980:0:0/g:ce/q:90/aHR0cHM6Ly9zdG9yYWdlLmdvb2dsZWFwaXMuY29tL3N0YW5mb3JkLXByb2QvMjAyNS8wMS8yMy9leGJuR1hyMjdwTGR2c2Zlckw1dmZuVVA1WjJXNE1xRVNPU3BUQzdKLmpwZw.jpg,,,,,"$750,000"
352,JP Harmon,RHP,Novato,H,https://pbs.twimg.com/profile_images/1548798786503426048/wC-TV0Fc_400x400.jpg,,,"$750,000",,
353,Hudson Alpert,RHP,Regis Jesuit,H,https://odstcoreprodncus01.blob.core.windows.net/profile/690274/20241015035725_cff328d8-8492-40f8-92be-1be99928c1b5.jpg,,,"$750,000",,"$750,000"
354,Bryce Collins,RHP,Kelso,H,https://pbs.twimg.com/profile_images/1858355330897600512/Bay5qFy0_400x400.jpg,,,"$750,000",,
355,Cole Dennis,RHP,Bishop John J. Snyder,H,https://pbs.twimg.com/profile_images/1934633233083232256/h9zU2e1__400x400.jpg,,,"$750,000",,
356,Ryan Novak,OF,Miami (Ohio),C,https://images.sidearmdev.com/crop?url=https%3A%2F%2Fdxbhsrqyrr690.cloudfront.net%2Fsidearm.nextgen.sites%2Fmiamiredhawks.com%2Fimages%2F2026%2F1%2F22%2F_31_Novak__Ryan_j3TWs.jpg&width=180&height=270&type=webp,,,,,
357,Isaiah Hearn,OF,Chaminade Prep,H,https://www.dailynews.com/wp-content/uploads/2024/03/LDN-L-PREP-BB-SC-0321-03-1.jpg?w=640,,,"$750,000",,
358,Ty Tillery,RHP,Morgan County,H,https://www.lakeoconeenews.us/sites/lakeoconeenews.us/files/styles/article_420/public/20d31448c2_Ar01001024.jpg?itok=c7M_DrSU,,,"$750,000",,
359,Holden Hering,RHP,Weatherford,C,https://bloximages.chicago2.vip.townnews.com/weatherforddemocrat.com/content/tncms/assets/v3/editorial/b/09/b09a93ce-d740-4015-8e6b-c3f6e92367d0/688be53257df1.image.jpg?resize=400%2C400,,,,,
360,Alex Alicea,SS,Louisville,C,https://images.sidearmdev.com/crop?url=https%3A%2F%2Fdxbhsrqyrr690.cloudfront.net%2Fsidearm.nextgen.sites%2Fgocards.com%2Fimages%2F2025%2F2%2F12%2Falex_alicea_hs25.jpg&width=180&height=270&type=webp,,,,,
361,Nicholas Riordan,SS,Central,H,https://pbs.twimg.com/profile_images/1818717999085338624/FoxHxvB5_400x400.jpg,,,"$750,000",,"$750,000"
362,Guy Lynam,SS,Gloucester Catholic,H,https://encrypted-tbn0.gstatic.com/images?q=tbn:ANd9GcSeM6Ec8XHJMreqHtmITNdUga7k4E0yUrSIDA&s,,,"$750,000",,
363,Rylan Alaniz,SS,Trinity,H,https://09d1d85a2275582e9dad-7b3e649a230e2ba2cff912d8af17e0b5.ssl.cf1.rackcdn.com/5027937.jpeg,,,"$750,000",,
364,Jamir Johnson,OF,Locust Grove,H,https://encrypted-tbn0.gstatic.com/images?q=tbn:ANd9GcTyvtTurmjdF_vJ4hx-w9DMbRwuO3shL7znLg&s,,,"$750,000",,
365,Dylan Cheek,SS,Rockwall,H,https://wehco.media.clients.ellingtoncms.com/img/photos/2024/10/02/Dylan_Cheek_t1200.jpeg?57a0c2296240c280e9492005c3cad63e7cbe80f4,,,"$750,000",,
366,"Connor ""Bear"" Harrison",C,Texas A&M,C,https://images.sidearmdev.com/crop?url=https%3A%2F%2Fdxbhsrqyrr690.cloudfront.net%2Fsidearm.nextgen.sites%2Ftamu.sidearmsports.com%2Fimages%2F2025%2F1%2F14%2FHarrison_-Bear.jpg&width=180&height=270&type=webp,,,,,
367,Tyler Minick,OF/3B,Connecticut,C,https://pbs.twimg.com/media/GsnCsiOWoAAdi11?format=jpg&name=4096x4096,,,,,
368,Drew Whalen,RHP,Auburn,C,https://pbs.twimg.com/media/Gs9YihUWIAAECbG.jpg,,,,,
369,Aiden Robertson,RHP,Virginia Tech,C,https://thunder1320.com/wp-content/uploads/2023/04/340910107_3544399405789733_8085114172175844162_n.jpg,,,,,"$750,000"
370,Hudson DeVaughan,RHP,Mooresville,H,"https://www.indystar.com/gcdn/authoring/authoring-images/2025/03/21/PIND/82598517007-2025-baseball-super-team-gs-0009.JPG?crop=2666,1999,x0,y0",,,"$750,000",,
371,Alex Sosa,C,Miami,C,https://pbs.twimg.com/profile_images/1938293705107988480/vZToTzm-_400x400.jpg,,,,,
372,Hayes Holton,RHP,Loranger,H,https://pbs.twimg.com/profile_images/1820620117329203200/iuVfHdp3_400x400.jpg,,,"$750,000",,
373,Alex Philpott,RHP,South Carolina,C,https://floridagators.com/images/2025/1/6/Philpott_Alex.jpg,,,,,
374,Reiston Durham,SS,Dacula,H,https://pbs.twimg.com/profile_images/1942762958318145536/eTgINvfP_400x400.jpg,,,"$750,000",,
375,Jayson Jones,3B/OF,Wichita State,C,https://goshockers.com/images/2025/9/11/23_Jayson_bNYBg.jpg?width=300,,,,,
376,Aidan Teel,OF/RHP,Mississippi State,C,"https://on3static.com/cdn-cgi/image/height=215,width=393,quality=90,fit=cover,gravity=0.5x0.5/uploads/dev/assets/cms/2025/07/10103839/andrew-raymond.jpg",,,,,"$750,000"
377,Logan Georges,RHP,Clovis,H,https://pbs.twimg.com/media/G5kkqQvWwAEvH_p.jpg,,,"$750,000",,
378,Declan Dahl,RHP,Louisiana Tech,C,https://latechsports.com/images/2026/1/21/87111220_Dahl-Declan-1.jpg?width=300,,,,,
379,Sean Loggie,LHP,Christian Brothers Academy,H,https://cloudfront-us-east-1.images.arcpublishing.com/advancelocal/SUYPG5TUGRGAVIRBB3PFAKVDPE.jpg,,,"$750,000",,"$750,000"
380,Kide Adetuyi,LHP,Florida Atlantic,C,https://images.sidearmdev.com/crop?url=https%3A%2F%2Fdxbhsrqyrr690.cloudfront.net%2Fsidearm.nextgen.sites%2Ffausports.com%2Fimages%2F2025%2F9%2F5%2FBASE_Website_Adetuyi.jpg&width=180&height=270&type=webp,,,,,
381,Michael Harpster,RHP,East Tennessee State,C,https://etsubucs.com/images/2026/1/5/Harpster_Michael_2526BS_120225_ContentDay_SB00528.jpg?width=300,,,,,
382,Kaleb LaFavor,RHP,Bishop Heelan Catholic,H,https://bloximages.chicago2.vip.townnews.com/siouxcityjournal.com/content/tncms/assets/v3/editorial/f/0a/f0a18e63-6685-4fed-bd93-86cedb2e7e12/6881b1e9bb915.image.jpg?resize=637%2C500,,,"$750,000",,
383,Gunnar Garrison,RHP,Eaton,H,https://www.greeleytribune.com/wp-content/uploads/2024/06/GRE-L-UHEatonStateBaseballFinals-JR-11.jpg?w=442,,,"$750,000",,
384,Colin Driffill,RHP,Millard North,H,https://pbs.twimg.com/profile_images/1506092756061593607/VrAupmy4_400x400.jpg,,,"$750,000",,
385,Dylan Blomker,RHP,La Cueva,H,https://borasclassic.com/wp-content/uploads/2025/03/Dylan-Blomker-La-Cueva.jpg,,,"$750,000",,
386,Chase Meyer,RHP,No School,C,https://wvusports.com/images/2025/1/8/Meyer-Chase.jpg,,,,,
387,Zach Todd,RHP,Pacific,C,https://pacifictigers.com/images/2025/11/24/Zach_Todd_VI0Go.jpg?width=300,,,,,
388,Laif Palmer,RHP,Cal Poly,C,https://images.sidearmdev.com/crop?url=https%3A%2F%2Fdxbhsrqyrr690.cloudfront.net%2Fsidearm.nextgen.sites%2Fgopoly.com%2Fimages%2F2026%2F2%2F9%2FLaif_Palmer_-_04005.jpg&width=180&height=270&type=webp,,,,,
389,Aaron Dierks,RHP,West Springfield,H,https://pbs.twimg.com/profile_images/1854150580643442699/G6ccvsLZ_400x400.jpg,,,"$750,000",,"$750,000"
390,Parker Brzustewicz,1B,Notre Dame,C,https://fightingirish.com/imgproxy/rQ6mIZGXm-Z2gM7Ajz3hSUiQbcG9A5rEmHjJcqfTN_w/fit/420/640/ce/0/aHR0cHM6Ly9maWdodGluZ2lyaXNoLmNvbS93cC1jb250ZW50L3VwbG9hZHMvMjAyNS8wMS9CQVNFMjUtUEFSS0VSLUJSWlVTVEVXSUNaLmpwZw.jpg,,,,,
391,Jaxon Matthews,OF,Hough,H,https://pbs.twimg.com/media/GFDIJoqWMAA-kIZ?format=jpg&name=large,,,"$750,000",,
392,TJ Pompey,SS,Arkansas,C,https://pbs.twimg.com/media/G28V8GZWEAAlIJV?format=jpg&name=4096x4096,,,,,
393,Luke Harrison,LHP,Texas,C,https://pbs.twimg.com/profile_images/1908183332883398656/lAJNoFOk_400x400.jpg,,,,,
394,Ethan Thomas,RHP,TCU,C,https://pbs.twimg.com/profile_images/1932543139094671361/ItFQlQYU_400x400.jpg,,,,,"$750,000"
395,Russell Sandefer,RHP,Florida,C,https://images.sidearmdev.com/crop?url=https%3A%2F%2Fdxbhsrqyrr690.cloudfront.net%2Fsidearm.nextgen.sites%2Fgatorzone.com%2Fimages%2F2025%2F11%2F14%2FSandefer-Russell.jpg&width=180&height=270&type=webp,,,,,
396,Kam Durnin,SS,Missouri,C,https://pbs.twimg.com/media/GyFxNnPWsAAbXFE?format=jpg&name=small,,,,,
397,Jaden Bastian,OF,Florida,C,https://pbs.twimg.com/media/G4ICsAIXEAAIkrf?format=jpg&name=small,,,,,
398,Brody Jindra,SS,Elkhorn South,H,https://pbs.twimg.com/media/FSWbouEXwAE5hfn?format=jpg&name=large,,,"$750,000",,
399,Cody Brasch,RHP,Louisiana,C,https://images.sidearmdev.com/crop?url=https%3A%2F%2Fdxbhsrqyrr690.cloudfront.net%2Fsidearm.nextgen.sites%2Fragincajuns.com%2Fimages%2F2026%2F1%2F28%2FBrasch__Cody.jpg&width=180&height=270&type=webp,,,,,
400,Ethan Hindle,2B,Kentucky,C,https://pbs.twimg.com/profile_images/1935095652674846720/uhZNkS_j_400x400.jpg,,,,,"$750,000"
401,Aidan Weaver,RHP,Duke,C,https://images.sidearmdev.com/crop?url=https%3A%2F%2Fdxbhsrqyrr690.cloudfront.net%2Fsidearm.nextgen.sites%2Fgoduke.com%2Fimages%2F2024%2F11%2F14%2FWeaver-Aidan_HS25.png&width=180&height=270&type=webp,,,,,"$750,000"
402,Dalton Wentz,2B/3B,Wake Forest,C,https://images.sidearmdev.com/crop?url=https%3A%2F%2Fdxbhsrqyrr690.cloudfront.net%2Fsidearm.nextgen.sites%2Fwakeforestsports.com%2Fimages%2F2025%2F1%2F28%2FDalton_Wentz_Headshot_w44gq.JPG&width=180&height=270&type=webp,,,,,
403,Brayden Martin,3B/OF,Maryland,C,https://umterps.com/images/2025/10/7/Martin__Brayden.png?width=300,,,,,"$750,000"
404,Mickey Gilligan,C,Passaic Tech,H,https://www.nj.com/resizer/v2/XYENULI3XFDXJDOYULTI7D5HCQ.JPG?auth=a5a77f25a79ab2919b82c9ab0c8fa4d088481a4cd55f28675f7b4d63e4f37216&width=1280&smart=true&quality=90,,,"$750,000",,
405,Tate McGuire,RHP,Arkansas,C,https://arkansasrazorbacks.com/wp-content/uploads/2024/01/26-Tate-McGuire-BSB-2024-64553-1x1-1.jpg,,,,,
406,Ryan Oshinskie,RHP,Brown,C,https://images.sidearmdev.com/resize?url=https%3A%2F%2Fdxbhsrqyrr690.cloudfront.net%2Fsidearm.nextgen.sites%2Fbrownuni.sidearmsports.com%2Fimages%2F2024%2F6%2F12%2FRyan-Oshinskie.jpg&height=300&type=webp,,,,,
407,Luke Vaughn,C,Alabama,C,https://images.sidearmdev.com/crop?url=https%3A%2F%2Fdxbhsrqyrr690.cloudfront.net%2Fsidearm.nextgen.sites%2Frolltide.com%2Fimages%2F2026%2F2%2F4%2FVaughn__Luke.png&width=180&height=270&type=webp,,,,,
408,Rhett Britt,RHP,Topsail,H,https://www.starnewsonline.com/gcdn/presto/2023/02/03/NSTN/6de08ff3-a7e1-455a-91e9-59d3fe1f8ff0-britt.jpg,,,"$750,000",,
409,Rintaro Sasaki,1B,Stanford,C,https://www.mercurynews.com/wp-content/uploads/2024/02/STC-Z-SASAKI-0215-01-e1707896408548.jpeg?w=718,,,,,
410,Phinn Beaird,LHP,Briarcrest Christian,H,"https://www.commercialappeal.com/gcdn/authoring/authoring-images/2025/04/09/PMCA/83002713007-dsc-00675.jpg?crop=1365,1364,x204,y0",,,"$750,000",,
411,Jaden Noot,RHP,LSU,C,https://bloximages.newyork1.vip.townnews.com/nola.com/content/tncms/assets/v3/editorial/e/61/e6126215-d2dd-5979-b455-d274e751c805/6614969a48b84.image.jpg?crop=1644%2C1233%2C0%2C14,,,,,
412,Hudson Melaerts,RHP,Blinn College,C,https://buccaneersports.com/images/2025/1/14/Hudson_Melaerts.JPG?width=300,,,,,
413,Luke Ekdall,RHP,Blinn College,C,https://buccaneersports.com/images/2026/1/16/Luke_Ekdall_2026.jpg?width=300,,,,,
414,Blake Cyr,2B/OF,Florida,C,https://encrypted-tbn0.gstatic.com/images?q=tbn:ANd9GcRdiN-KPyTrr3Y5XQ5yy0BGPEEZXeX0rgSNwpz-W3qfzytE2YJWbLMPPITXpEfEk34D4TNeh5lnnD_w3EpVLM_pedihES7EtJwR8uUtq_8&s=10,,,,,
415,Ben Slanker,OF,Louisville,C,https://pbs.twimg.com/profile_images/1912362936636428290/CYty83xE_400x400.jpg,,,,,
416,Hudson Barrett,LHP,Oklahoma State,C,https://images.sidearmdev.com/crop?url=https%3A%2F%2Fdxbhsrqyrr690.cloudfront.net%2Fsidearm.nextgen.sites%2Fokstate.com%2Fimages%2F2025%2F9%2F3%2FBarrett_Hudson_VkNhM.jpg&width=180&height=270&type=webp,,,,,
417,Zane Adams,LHP,Alabama,C,https://images.sidearmdev.com/crop?url=https%3A%2F%2Fdxbhsrqyrr690.cloudfront.net%2Fsidearm.nextgen.sites%2Frolltide.com%2Fimages%2F2025%2F2%2F10%2FAdams__Zane_NEW.jpg&width=180&height=270&type=webp,,,,,
418,Ty Horn,RHP,Nebraska,C,https://huskers.com/imgproxy/PY-LUBVHb_0Mw1r-w4RnKFdOZBJrAP1VoMFvBknNp2Y/rs:fit:480:0:0:0/q:85/aHR0cHM6Ly9zdG9yYWdlLmdvb2dsZWFwaXMuY29tL2h1c2tlcnMtY29tLXByb2QvMjAyNi8wMS8xNi9LSlJJSEJERGxxWDR2NzA0ZlJLWVFkUjhmRXVQbkZPZXliRUJxRERNLmpwZw.jpg,,,,,
419,Anthony Chavez,1B,Mount Carmel,H,"https://www.chicagotribune.com/wp-content/uploads/2024/04/STA-L-BAS-DLS-MTC-0409-02.jpg?w=1800&resize=1800,1800",,,"$750,000",,"$750,000"
420,Dominic Pelligrin,SS,Holy Cross,H,https://09d1d85a2275582e9dad-7b3e649a230e2ba2cff912d8af17e0b5.ssl.cf1.rackcdn.com/9790036.jpeg,,,"$750,000",,
421,Dylan Cupp,SS,Dallas Baptist,C,"https://img.mlbstatic.com/opprops-images/image/upload/ar_1:1,g_auto,c_fill,w_1024/opprops/lwo6qgpgn8dliz78x2ya.jpg",,,,,
422,Jayce Tharnish,OF,Kentucky,C,https://pbs.twimg.com/media/G2xt5l9WAAIstK0.jpg,,,,,
423,Dean West,OF,UCLA,C,https://images.sidearmdev.com/crop?url=https%3A%2F%2Fdxbhsrqyrr690.cloudfront.net%2Fsidearm.nextgen.sites%2Fuclabruins.com%2Fimages%2F2024%2F12%2F10%2FWest_Dean01_QHn8v.png&width=180&height=270&type=webp,,,,,
424,Tyler August,RHP,Liberty,C,https://images.sidearmdev.com/crop?url=https%3A%2F%2Fdxbhsrqyrr690.cloudfront.net%2Fsidearm.nextgen.sites%2Flibertyuni.sidearmsports.com%2Fimages%2F2025%2F12%2F2%2FTyler_August_Headshot_ouxuM.jpg&width=180&height=270&type=webp,,,,,
425,Carson Lane,RHP,UNLV,C,https://unlvrebels.com/images/2024/12/24/Lane_Carson.jpg,,,,,"$750,000"
426,Ben Cleaver,LHP,Kentucky,C,https://pbs.twimg.com/media/GAhzLLtbIAEdrE-.jpg,,,,,"$750,000"
427,Landon Schutte,RHP,Oakdale,H,https://image.maxpreps.io/careers/c/f/b/cfb998af-340f-4184-a680-2b8fb62e92f7/thumbnail.jpg?version=638828704313807608,,,"$750,000",,
428,CJ Sampson,3B/RHP,Tomball,H,https://d3t3ozftmdmh3i.cloudfront.net/production/podcast_uploaded_episode400/1553803/1553803-1673282058500-a6be148254d04.jpg,,,"$750,000",,
429,AJ Curry,1B/OF,University City,H,https://image.maxpreps.io/careers/7/e/e/7ee9ad7f-4cdd-4868-88b5-0343a97bad5e/thumbnail.jpg?version=638491339670576223,,,"$750,000",,
430,Mark Quatrani,C,Notre Dame,C,https://pbs.twimg.com/profile_images/1435277773703159816/vypRO06s_400x400.jpg,,,,,"$750,000"
431,Bryce Hill,RHP,Greenwich Country Day School,H,https://09d1d85a2275582e9dad-7b3e649a230e2ba2cff912d8af17e0b5.ssl.cf1.rackcdn.com/747455.jpg,,,"$750,000",,"$750,000"
432,Jordan Garza,RHP,Veterans Memorial,H,https://09d1d85a2275582e9dad-7b3e649a230e2ba2cff912d8af17e0b5.ssl.cf1.rackcdn.com/6407579.jpeg,,,"$750,000",,
433,RJ Cope,LHP/1B,Georgia Premier Academy,H,https://bloximages.newyork1.vip.townnews.com/gwinnettdailypost.com/content/tncms/assets/v3/editorial/f/4d/f4d8f78a-b041-11ee-99ea-db7cf3b69fb2/659f7bfe38099.image.jpg,,,"$750,000",,
434,Tyler Pitzer,RHP,Mississippi State,C,,,,,,
435,Jason Walk,OF,Oklahoma,C,https://images.sidearmdev.com/crop?url=https%3A%2F%2Fdxbhsrqyrr690.cloudfront.net%2Fsidearm.nextgen.sites%2Fsoonersports.com%2Fimages%2F2024%2F8%2F28%2FBB_Headshots_Jason_Walk_OUA06673.JPG&width=180&height=270&type=webp,,,,,
436,Cole Stokes,RHP,Florida State,C,https://images.sidearmdev.com/crop?url=https%3A%2F%2Fdxbhsrqyrr690.cloudfront.net%2Fsidearm.nextgen.sites%2Ffsuni.sidearmsports.com%2Fimages%2F2025%2F8%2F25%2FStokes__Cole_25-264RL__050_.JPG&width=180&height=270&type=webp,,,,,
437,Anthony Quigley,SS/3B,Northwest Florida State College,C,https://encrypted-tbn0.gstatic.com/images?q=tbn:ANd9GcTyNOgkh08LXXlqh0AH-__OGHBqH3BWYr5fTQ&s,,,,,"$750,000"
438,Will Moore,3B,Indiana,C,https://images.sidearmdev.com/crop?url=https%3A%2F%2Fdxbhsrqyrr690.cloudfront.net%2Fsidearm.nextgen.sites%2Fiuhoosiers.com%2Fimages%2F2026%2F1%2F13%2F4-Moore.jpg&width=180&height=270&type=webp,,,,,"$750,000"
439,Taylor Latham,RHP,Hartfield Academy,H,https://mississippiscoreboard.com/wp-content/uploads/2025/04/sm-1.jpg,,,"$750,000",,"$750,000"
440,Brett Lanman,LHP,Abilene Christian,C,https://acusports.com/images/2024/9/5/Brett_Lanman.jpg,,,,,"$750,000"
441,Alejandro Garza,2B,Cal Poly,C,https://images.sidearmdev.com/crop?url=https%3A%2F%2Fdxbhsrqyrr690.cloudfront.net%2Fsidearm.nextgen.sites%2Fgopoly.com%2Fimages%2F2026%2F2%2F9%2FAlejandro_Garza_-_03963.jpg&width=180&height=270&type=webp,,,,,
442,Max Hamilton,RHP,Olathe West,H,https://kshsaacovered.com/images/2025/5/27/Max%20Hamilton%20Olathe%20West%20baseball-1.jpg?preset=large.storyimage,,,"$750,000",,
443,Tyler Albanese,RHP,San Jose State,C,https://sjsuspartans.com/imgproxy/rN_xI8r5Y4OqjDz5UNZI6sOQw3zc9u_PEf5ZwcYKdrM/rs:fit:1980:0:0/g:ce/q:90/aHR0cHM6Ly9zdG9yYWdlLmdvb2dsZWFwaXMuY29tL3Nhbi1qb3NlLXN0YXRlLXByb2QvMjAyNC8wMi8xMy9SZTdnWXZQZzNlbmtTN3FrYW5xUDg5Z1dHT3VBYXZGYUloWnVNREZKLmpwZw.jpg,,,,,"$750,000"
444,Noah Sullivan,1B,Mississippi State,C,,,,,,
445,TJ McQuillan,3B/OF,Mount Carmel,H,https://pbs.twimg.com/profile_images/1760462393660805121/nZ2ioA6b_400x400.jpg,,,"$750,000",,"$750,000"
446,Justin Shadek,RHP,Georgia Tech,C,https://scarletknights.com/images/2025/2/11/31_Justin_Shadek.png,,,,,
447,Dominic Voegele,RHP,Kansas,C,https://kuathletics.com/images/2025/1/18/Voegele_Dominic_62.JPG,,,,,
448,Braylen Montgomery,OF,Walker,H,https://d1dxs113ar9ebd.cloudfront.net/225batonrouge/2025/02/DSC09782-scaled-1707x1707.jpg,,,"$750,000",,
449,Cooper Consiglio,LHP,NC State,C,https://images.sidearmdev.com/crop?url=https%3A%2F%2Fdxbhsrqyrr690.cloudfront.net%2Fsidearm.nextgen.sites%2Fgopack.com%2Fimages%2F2025%2F8%2F21%2FCooper_Consiglio.png&width=180&height=270&type=webp,,,,,
450,Chandler Dorsey,RHP,Central Florida,C,https://ucfknights.com/imgproxy/8hlCF54H2XgeIqUtu-HxggDrWv-JEgnV0WFxGTqTans/rs:fit:480:0:0:0/q:85/aHR0cHM6Ly9zdG9yYWdlLmdvb2dsZWFwaXMuY29tL3VjZmtuaWdodHMtY29tLXByb2QvMjAyNi8wMS8yMC9ZbHpBaHlKUk9sVXlLUzhnVEJnOWhVUnFjSVJpVEVpdGJMR1kyM2FhLnBuZw.png,,,,,
451,Charlie West,LHP,Connecticut,C,https://images.sidearmdev.com/crop?url=https%3A%2F%2Fdxbhsrqyrr690.cloudfront.net%2Fsidearm.nextgen.sites%2Fuconnhuskies.com%2Fimages%2F2026%2F1%2F8%2FWest__Charlie_Suit.jpg&width=180&height=270&type=webp,,,,,
452,Elijah Underhill,RHP,Austin Peay,C,https://lite987whop.com/wp-content/uploads/sites/5/underhill-3-scaled.jpg,,,,,
453,Mikey Bell,3B/OF,Gonzaga,C,https://d2jpxbzntgxotn.cloudfront.net/images/2025/9/11/mikey_bell.JPG?width=300,,,,,
454,Dominic Smaldino,1B,Arizona State,C,https://thesundevils.com/imgproxy/TRMIdy2dv0VnaIry5j4B7jilYV2UzqQbg1fT0SvRdLM/rs:fit:1980:0:0:0/g:ce:0:0/q:90/aHR0cHM6Ly9zdG9yYWdlLmdvb2dsZWFwaXMuY29tL3RoZXN1bmRldmlscy1jb20tcHJvZC8yMDI1LzA5LzEyLzF4MVhzWmIzZWNQQlVBZVVuUTNucllnYmQydkdEV2ZXZEZRb1VFUTguanBn.jpg,,,,,
455,Max Buettenback,OF,Nebraska,C,https://huskers.com/imgproxy/q_Uqa3rXBZLEIftfzUAfBZOyy0Op_MZ8JY_r_Eid3ek/rs:fit:1980:0:0/g:ce/q:90/aHR0cHM6Ly9zdG9yYWdlLmdvb2dsZWFwaXMuY29tL2h1c2tlcnMtY29tLXByb2QvMjAyNC8wMS8yMy9jeDVpQjFHZTMwd2hOaTFEZkl2UlVhdTVHSW41Q1BmUUYzUWtGd0ppLmpwZw.jpg,,,,,
456,Luke Tucker,SS/3B,Krum,H,https://09d1d85a2275582e9dad-7b3e649a230e2ba2cff912d8af17e0b5.ssl.cf1.rackcdn.com/8129308.jpeg,,,"$750,000",,
457,Logan Corley,1B/LHP,Lovejoy,H,https://pbs.twimg.com/profile_images/1631881437472333824/YaVE_ypp_400x400.jpg,,,"$750,000",,"$750,000"
458,Trace Hartman,RHP,Stetson,C,https://gohatters.com/images/2025/10/15/trace-hartman_54855446583_o_L2CBm.jpg?width=300,,,,,
459,Kyle Branch,2B,Oklahoma,C,https://images.sidearmdev.com/crop?url=https%3A%2F%2Fdxbhsrqyrr690.cloudfront.net%2Fsidearm.nextgen.sites%2Fsoonersports.com%2Fimages%2F2024%2F8%2F28%2FBB_Headshots_Kyle_Branch_OUA06723.JPG&width=180&height=270&type=webp,,,,,
460,Christian Chatterton,RHP,Auburn,C,https://auburntigers.com/imgproxy/XwVjO_H7sRahLsHCTzpaDAiw_AqlV_EifW38UYyJNKA/rs:fit:1920:0:0:0/q:90/aHR0cHM6Ly9zdG9yYWdlLmdvb2dsZWFwaXMuY29tL2F1YnVybi1wcm9kLzIwMjYvMDEvMjkvQVJUdGloWDA5MmJ5aEF6aUZRbDNmU1k4YllRSWVDQzM1MnB4YUV0ay5qcGc.jpg,,,,,
461,Hudson Flora,C,Foothill,H,https://pbs.twimg.com/profile_images/1769926148413370368/-b5LZE6H_400x400.jpg,,,"$750,000",,
462,Brady Murrietta,C,Orange Lutheran,H,"https://img.mlbstatic.com/opprops-images/image/upload/ar_1:1,g_auto,c_fill,w_1024/opprops/xgsxxi0xoqssfedhazfm.jpg",,,"$750,000",,
463,Jason Jutronich,LHP,Torrey Pines,H,https://09d1d85a2275582e9dad-7b3e649a230e2ba2cff912d8af17e0b5.ssl.cf1.rackcdn.com/4374904.jpeg,,,"$750,000",,
464,Ethan Wheeler,RHP,Trinity Christian Academy,H,https://image.maxpreps.io/careers/8/1/6/81613138-62a6-4d68-90a9-148e6d6753ba/thumbnail.jpg?version=638833524217298713,,,"$750,000",,
465,Carter Johnstone,3B,Vanderbilt,C,https://pbs.twimg.com/media/GuQD6jCW8AAkCy6.jpg,,,,,
466,Nolan Ramoley,OF,Brother Rice,H,"https://www.chicagotribune.com/wp-content/uploads/2025/06/STA-L-BAS-CREST-SUPER2-0611-2663.jpg?w=1800&resize=1800,1800",,,"$750,000",,
467,Damian Ruiz,OF,Arkansas,C,https://arkansasrazorbacks.com/wp-content/uploads/2026/01/26BSB_42-Damian-Ruiz_7093_NS_1x1.png,,,,,
468,Dillon Moss,C,IMG Academy,H,https://pbs.twimg.com/profile_images/1676802272938819584/ic8YdNfi_400x400.jpg,,,"$750,000",,"$750,000"
469,Owen Kelly,RHP,Ole Miss,C,https://pbs.twimg.com/media/G2cExCuXoAAiNPT?format=jpg&name=large,,,,,
470,Pablo David Figueroa Roman,RHP,Central Pointe Christian,H,https://static.wbsc.org/upload/ececd7cc-8b5f-bd62-df64-4a75f889fdb7.jpeg,,,"$750,000",,"$750,000"
471,Avery Ortiz,SS,Oklahoma State,C,https://images.sidearmdev.com/crop?url=https%3A%2F%2Fdxbhsrqyrr690.cloudfront.net%2Fsidearm.nextgen.sites%2Fokstate.com%2Fimages%2F2024%2F9%2F21%2FOrtiz_AxG8H.JPG&width=180&height=270&type=webp,,,,,
472,Griffin Naess,RHP,Cal Poly,C,https://images.sidearmdev.com/crop?url=https%3A%2F%2Fdxbhsrqyrr690.cloudfront.net%2Fsidearm.nextgen.sites%2Fgopoly.com%2Fimages%2F2026%2F2%2F9%2FGriffin_Naess_-_04002.jpg&width=180&height=270&type=webp,,,,,
473,Connor Finn,LHP,Mahtomedi,H,,,,"$750,000",,
474,Hunter Carns,C,Florida State,C,https://images.sidearmdev.com/crop?url=https%3A%2F%2Fdxbhsrqyrr690.cloudfront.net%2Fsidearm.nextgen.sites%2Ffsuni.sidearmsports.com%2Fimages%2F2024%2F9%2F2%2FCarns__Hunter.JPG&width=180&height=270&type=webp,,,,,
475,Easton Breyfogle,OF,Arizona,C,https://d11rxijfksshz7.cloudfront.net/images/2025/1/30/250128_BSB_Media_Day_Madison_Farwell0271.jpg?width=300,,,,,
476,Brandon Stone,RHP,South Carolina,C,https://pbs.twimg.com/profile_images/1828836760324886528/n7LYNsDz_400x400.jpg,,,,,
477,Will Howell,RHP,Memphis,C,https://images.sidearmdev.com/crop?url=https%3A%2F%2Fdxbhsrqyrr690.cloudfront.net%2Fsidearm.nextgen.sites%2Fgotigersgo.com%2Fimages%2F2025%2F11%2F24%2FDSC04598.jpg&width=180&height=270&type=webp,,,,,
478,Sterling Coaxum,OF,Hanahan High,H,https://pbs.twimg.com/profile_images/1710127992863653888/XlswXJWB_400x400.jpg,,,"$750,000",,
479,Dustin Dunwoody,RHP,Royal,H,"https://image.maxpreps.io/rosters/b231ef20-6494-421f-b3a0-9ccbb82d678f/a/8/a/a8a7a3a6-63f9-457c-a231-9d8cbd32ede0/original.jpg?version=638762730571018217&width=1024&crop=1:1,smart",,,"$750,000",,
480,Rob Rispoli,SS,Connecticut,C,https://uconnhuskies.com/images/2023/12/27/Rispoli__Rob_Suit.jpg,,,,,
481,Brandon McCraine,SS/OF,Auburn,C,https://auburntigers.com/imgproxy/INLEmjNZm4bghOScV9K9BtTzhTX_Vr5fKftVsP_rfms/rs:fit:480:0:0:0/q:85/aHR0cHM6Ly9zdG9yYWdlLmdvb2dsZWFwaXMuY29tL2F1YnVybi1wcm9kLzIwMjYvMDEvMjkvanljWk81bTVYeDIwUWJQTTNxMTlkT21VTVJFMzZoRk4xSERkTGNRUy5qcGc.jpg,,,,,"$750,000"
482,Josh McDevitt,RHP,Missouri,C,https://images.sidearmdev.com/crop?url=https%3A%2F%2Fdxbhsrqyrr690.cloudfront.net%2Fsidearm.nextgen.sites%2Fmutigers.com%2Fimages%2F2025%2F12%2F17%2FMIZBSB_Headshot_JMcDevitt-28_HiEM0.jpg&width=180&height=270&type=webp,,,,,"$750,000"
483,Anson Seibert,RHP,Johnson County,C,https://images.johnsoncountypost.com/wp-content/uploads/2024/07/anson_seibert_insta.jpg,,,,,"$750,000"
484,Dylan Alonso,RHP,Troy,C,https://pbs.twimg.com/media/G4N3JrkXkAAOjmf?format=jpg&name=large,,,,,
485,Max Hartman,OF,Washington State,C,https://dailyevergreen.com/wp-content/uploads/2024/03/0I4A6883-1200x800.jpg,,,,,
486,Wyatt Queen,RHP,Oregon State,C,https://cdn.d1baseball.com/uploads/2025/11/04142216/Wyatt-Queen.jpeg,,,,,
487,Andrew Wiggins,OF,NC State,C,https://packinsider.com/wp-content/uploads/2025/07/Screenshot-2025-07-24-at-4.24.20%E2%80%AFPM.png,,,,,
488,Christian Coppola,RHP,St. Joseph's,C,https://sjuhawks.com/images/2025/9/26/Coppola_HS1_25.jpg?width=300,,,,,"$750,000"
489,Matthew Kerrigan,OF,Lowndes,H,"https://image.maxpreps.io/rosters/b231ef20-6494-421f-b3a0-9ccbb82d678f/5/9/7/5971e50c-6a24-4375-ae63-35d9e4f57708/original.jpg?version=638748153000624520&width=1024&crop=1:1,smart",,,"$750,000",,
490,Jake Bennett,C/OF,Dallas Baptist,C,https://dbupatriots.com/images/2025/11/25/bsbl_headshots-36.jpg?width=300,,,,,"$750,000"
491,Santos Wade,SS,Providence Christian,H,https://encrypted-tbn0.gstatic.com/images?q=tbn:ANd9GcR-0Ff1K2rjC7TTZ_TOkRjD3KkWd7Cwf9nQow&s,,,"$750,000",,
492,Kevin Takeuchi,OF/2B,USC,C,https://images.sidearmdev.com/crop?url=https%3A%2F%2Fdxbhsrqyrr690.cloudfront.net%2Fsidearm.nextgen.sites%2Fusctrojans.com%2Fimages%2F2025%2F2%2F3%2FTakeuchi__Kevin.jpg&width=180&height=270&type=webp,,,,,
493,Brody Crane,RHP,Neosho,H,https://dehayf5mhw1h7.cloudfront.net/wp-content/uploads/sites/1492/2025/04/10222209/jerrycraft380a5060-59-e1744341750920-1024x521.webp,,,"$750,000",,"$750,000"
494,Ben Kuglitsch,RHP/SS,Muskego,H,https://pbs.twimg.com/profile_images/1940976908008656896/L-kx8UV__400x400.jpg,,,"$750,000",,"$750,000"
495,Juriel Collazo,OF,Carlos Beltran Baseball Academy,H,https://encrypted-tbn0.gstatic.com/images?q=tbn:ANd9GcT7PsvP1REBbkYg76ZHkxqQrc5aJGUlgLVfZA&s,,,"$750,000",,
496,Taytum Reeves,C,Paloma Valley,H,"https://img.mlbstatic.com/opprops-images/image/upload/ar_1:1,g_auto,c_fill,w_1024/opprops/vwflgjzn2uiu16l3qqv2.jpg",,,"$750,000",,
497,Keaton Neal,SS,Springhill,H,https://kshsaacovered.com/common/controls/image_handler.aspx?thumb_id=0&image_path=/images/2025/4/8/Keaton%20Neal%20Spring%20Hill%20baseball%201.jpg,,,"$750,000",,"$750,000"
498,Deion Cole,OF,Etowah,H,https://i.ytimg.com/vi/9oKQZp-PUis/maxresdefault.jpg,,,"$750,000",,
499,Drew Horn,RHP,Middle Tennessee State,C,https://images.sidearmdev.com/crop?url=https%3A%2F%2Fdxbhsrqyrr690.cloudfront.net%2Fsidearm.nextgen.sites%2Fmtsu.sidearmsports.com%2Fimages%2F2025%2F11%2F20%2FHorn__Drew_-_Web.jpg&width=180&height=270&type=webp,,,,,
500,Lance Davis,RHP,TCU,C,https://pbs.twimg.com/profile_images/1680062936180752385/sC5lrGaz_400x400.jpg,,,,,
501,Brady Reynolds,OF,Stanford,C,https://gostanford.com/imgproxy/tXqzavBS2YRHpdAi-qWojiDtoA53gQN6cZyZzLd2xOE/rs:fit:1980:0:0/g:ce/q:90/aHR0cHM6Ly9zdG9yYWdlLmdvb2dsZWFwaXMuY29tL3N0YW5mb3JkLXByb2QvMjAyNC8wMS8yMi91YjFUaVVwQUJtR1JZMVBES2tBM3VXY1pPZlYwdkdLN3pheWNpcUtkLmpwZw.jpg,,,,,"$750,000"
502,Ezra Liggon,OF,James Madison Memorial,H,https://bloximages.chicago2.vip.townnews.com/madison.com/content/tncms/assets/v3/editorial/9/64/964ec3cf-0210-42aa-89ee-4879d34e4fa0/67eab82179712.image.jpg?resize=1200%2C1445,,,"$600,000",,"$750,000"
503,Colin Linder,RHP,Arizona State,C,https://thesundevils.com/imgproxy/KlR-D1JBqUwnsXKWNsjNVrpHJMyRvvOLYod77CCCYSg/rs:fit:1920:0:0:0/q:90/aHR0cHM6Ly9zdG9yYWdlLmdvb2dsZWFwaXMuY29tL3RoZXN1bmRldmlscy1jb20tcHJvZC8yMDI1LzA5LzEyL0w2bERIdmQ3c29pd040N0xKNUgyZWxINGFSS2pNTGNvb2JNUzRxNlcuanBn.jpg,,,,,"$750,000"
504,Justin Byrd,RHP,Georgia,C,https://images.sidearmdev.com/crop?url=https%3A%2F%2Fdxbhsrqyrr690.cloudfront.net%2Fsidearm.nextgen.sites%2Fgeorgiadogs.com%2Fimages%2F2025%2F8%2F19%2FByrd__Justin.JPG&width=180&height=270&type=webp,,,,,"$750,000"
505,Noah Kenney,RHP,Washington,C,https://images.sidearmdev.com/crop?url=https%3A%2F%2Fdxbhsrqyrr690.cloudfront.net%2Fsidearm.nextgen.sites%2Fwashington.sidearmsports.com%2Fimages%2F2026%2F1%2F26%2F_0023_22__Kenney__Noah_.jpg&width=180&height=270&type=webp,,,,,
506,Kolby Branch,2B,Georgia,C,,,,,,
507,Ryne Farber,SS,Auburn,C,https://pbs.twimg.com/media/Gu0goclWoAAGwWg.jpg:large,,,,,
508,Matthew Maxon,RHP/OF,Carmel,H,https://i0.wp.com/www.montereyherald.com/wp-content/uploads/2023/05/MCH-L-CARMEL-0601-06.jpg?fit=620%2C9999px&ssl=1,,,"$600,000",,
509,Ashten Ballew,SS,Katy,H,https://pbs.twimg.com/media/GlONVSoXoAA8QDm?format=jpg&name=4096x4096,,,"$600,000",,
510,Miller Sheets,SS,Sterlington,H,https://www.shreveporttimes.com/gcdn/authoring/authoring-images/2025/06/14/PSHR/84208109007-miller-sheets.JPG?width=1733&height=1733&fit=crop&format=pjpg&auto=webp,,,"$600,000",,
511,Robert Orloski,RHP,UTSA,C,https://goutsa.com/imgproxy/YqG7tuw_JxKDxE3kYYJTgD0deBsLQb1xqN6xD498YjI/rs:fit:1980:0:0/g:ce/q:90/aHR0cHM6Ly9zdG9yYWdlLmdvb2dsZWFwaXMuY29tL2dvdXRzYS1wcm9kLzIwMjUvMDEvMjIvSVVQOThZZ1E4c0pvVFFKSjlJemZqc3FwZTN5dzlpMWVXMzUyMEljVy5qcGc.jpg,,,,,
512,Richie Roman,RHP,Houston,C,https://images.sidearmdev.com/crop?url=https%3A%2F%2Fdxbhsrqyrr690.cloudfront.net%2Fsidearm.nextgen.sites%2Fuhcougars.com%2Fimages%2F2024%2F8%2F23%2FRoman_Richard2.jpg&width=180&height=270&type=webp,,,,,
513,Brayton Thomas,LHP,Indiana,C,https://images.sidearmdev.com/crop?url=https%3A%2F%2Fdxbhsrqyrr690.cloudfront.net%2Fsidearm.nextgen.sites%2Fiuhoosiers.com%2Fimages%2F2026%2F1%2F13%2F14-Thomas.jpg&width=180&height=270&type=webp,,,,,
514,Dylan Minnatee,1B,Elk Grove,H,https://borasclassic.com/wp-content/uploads/2024/03/Dylan-Minnatee-scaled.jpg,,,"$600,000",,
515,Trent Caraway,3B,LSU,C,https://odstcoreprodncus01.blob.core.windows.net/profile/435834/20251006022218_f729fa89-7b0b-40f3-941c-8cb7c0ccb781.jpg,,,,,
516,Sean Yamaguchi,3B,Nevada,C,https://pbs.twimg.com/media/GjEIPK0bIAIFyP2?format=jpg&name=large,,,,,
517,Tommy Farmer IV,OF,UC Irvine,C,https://ucirvinesports.com/images/2025/10/9/2farmeriv26.jpg,,,,,
518,Jacob Madrid,C,Notre Dame,H,https://pbs.twimg.com/profile_images/1957969763596136449/AwIa7j7r_400x400.jpg,,,"$600,000",,
519,Cy Chrisman,1B/3B,IMG Academy,H,https://image.maxpreps.io/careers/1/9/1/19189b67-4b61-4d02-98b2-fcd311f5a556/thumbnail.jpg?version=638834817854235938,,,"$600,000",,
520,Elijah Foster,RHP,South Carolina,C,https://gamecocksonline.com/imgproxy/Gzy5zQRFk1c7BnhDGP3oxCsi6yH9SEAbBXPJDsJ3rOM/fit/564/832/ce/0/aHR0cHM6Ly9zdG9yYWdlLmdvb2dsZWFwaXMuY29tL2dhbWVjb2Nrc29ubGluZS1jb20vMjAyNS8xMS8zNWVlNDJlMC1mb3N0ZXJfZWxpamFoLXNjYWxlZC5qcGc.png,,,,,
521,Aidan Brainard,RHP,Nevada,C,https://nevadawolfpack.com/images/2025/9/4/Brainard_Aiden_Fall2025_Headshot_Webcrop_YdNJw.jpg?width=300,,,,,
522,Albert Roblez,RHP,Oregon State,C,https://images.sidearmdev.com/crop?url=https%3A%2F%2Fdxbhsrqyrr690.cloudfront.net%2Fsidearm.nextgen.sites%2Foregonstate.sidearmsports.com%2Fimages%2F2025%2F9%2F16%2FRoblez.png&width=180&height=270&type=webp,,,,,
523,Rashawn Galloway,C/OF,Texas State,C,https://txst.com/images/2025/9/23/GALLOWAY_Rashawn.jpg?width=300,,,,,
524,Quincy Bright,LHP,Salisbury,H,https://ghtbl.org/wp-content/uploads/2022/07/5D1615BF-3358-4BB9-817C-48FEB95523AC-282x300.jpeg,,,"$600,000",,
525,Myles Ross,3B,Maranatha Academy,H,https://pbs.twimg.com/profile_images/1808713084669665280/g0_mKYBz_400x400.jpg,,,"$600,000",,
526,Tristan Bissetta,OF,Ole Miss,C,https://images.sidearmdev.com/crop?url=https%3A%2F%2Fdxbhsrqyrr690.cloudfront.net%2Fsidearm.nextgen.sites%2Folemisssports.com%2Fimages%2F2026%2F2%2F6%2FTristan_Bissetta.jpg&width=180&height=270&type=webp,,,,,
527,Spencer Evans,LHP,TNXL Academy,H,https://pbs.twimg.com/profile_images/1761130331040559104/Z_kyeKz9_400x400.jpg,,,"$600,000",,
528,Hunter Rose,LHP,Pleasant Grove,H,https://pbs.twimg.com/media/G9j2JYYWcAAcCuQ?format=jpg&name=large,,,"$600,000",,
529,Garrison Sumner,RHP,BYU,C,https://pbs.twimg.com/media/G85UckSWMAAvYD7?format=jpg&name=small,,,,,
530,Michael DiMartini,OF,Duke,C,https://images.sidearmdev.com/crop?url=https%3A%2F%2Fdxbhsrqyrr690.cloudfront.net%2Fsidearm.nextgen.sites%2Fgoduke.com%2Fimages%2F2025%2F12%2F16%2FMichaelDiMartini.png&width=180&height=270&type=webp,,,,,
531,Easton Autrey,3B,Corsicana,H,https://resources.finalsite.net/images/t_image_size_4/v1732116268/cisdorg/hcdlcwzlvxa6hsewl9yo/Autrey-1.jpg,,,"$600,000",,
532,Troy Southisene,SS/OF,Basic,H,https://borasclassic.com/wp-content/uploads/2025/03/Troy-Southisene.jpg,,,"$600,000",,"$750,000"
533,Collin Bland,1B,Houston,H,"https://image.maxpreps.io/rosters/b231ef20-6494-421f-b3a0-9ccbb82d678f/e/a/5/ea521b42-f072-4463-b168-16297fd88102/original.jpg?version=638820803016461931&width=1024&crop=1:1,smart",,,"$600,000",,
534,Donovan Thiery,RHP,Coral Shores,H,https://pbr-affd.kxcdn.com/passets/photo/FL/1754386029-donovan-thiery-2026.jpg,,,"$600,000",,
535,Jace Martinez,SS,Sam Houston State,C,https://images.sidearmdev.com/crop?url=https%3A%2F%2Fdxbhsrqyrr690.cloudfront.net%2Fsidearm.nextgen.sites%2Fgobearkats.com%2Fimages%2F2025%2F10%2F11%2F2026_Headshots_Martinez_Jace_FyIwy.jpg&width=180&height=270&type=webp,,,,,
536,Braydon Wisener,RHP,Hargrave,H,https://pbs.twimg.com/media/GvNU010XkAAVl3Q?format=jpg&name=medium,,,"$600,000",,
537,Noah Powell,RHP,York,H,https://digitalshift-assets.sfo2.cdn.digitaloceanspaces.com/pw/6bccf042-d1a5-452e-a526-a37813bd2593/p-e0357ce4-6230-45e3-a6c8-329bf4da094b/1732061220-full.jpg,,,"$600,000",,"$750,000"
538,Lukas McDowell,RHP,Frontenac,H,https://pbs.twimg.com/profile_images/1953514680661467136/NIl8pyjy_400x400.jpg,,,"$600,000",,
539,Henkel Acevedo,OF,P27 Academy,H,https://pbs.twimg.com/media/G0BpWMXXoAAdSL2?format=jpg&name=large,,,"$600,000",,
540,Ayden Deome,3B,Westpark,H,https://image.maxpreps.io/careers/e/8/9/e8938740-bef3-49d0-afad-b2c6193d6be4/thumbnail.jpg?version=638828767293375977,,,"$600,000",,
541,Kai Bratton,RHP,Mater Dei,H,https://pbs.twimg.com/profile_images/1965489601587576832/kCNKh5AQ_400x400.jpg,,,"$600,000",,"$750,000"
542,Hayden Yost,OF,Florida,C,https://floridagators.com/images/2025/1/6/Yost_Hayden.jpg,,,,,
543,Spencer Browning,SS,Pleasant Grove,H,https://wehco.media.clients.ellingtoncms.com/imports/adg/photos/206009952_IMG_3934_t320.jpg?fa67021387348b8667950d2a49bd5d6642c5ab68,,,"$600,000",,
544,Collin Priest,1B,Clemson,C,https://clemsontigers.com/wp-content/uploads/2024/11/PriestCollin.jpg,,,,,
545,Masen Belding,C,Del Oro,H,https://image.maxpreps.io/careers/b/e/3/be3d6401-7661-41dc-8738-cbaaae7cb878/thumbnail.jpg?version=638846071877397683,,,"$600,000",,
546,Folger Boaz,LHP,North Carolina,C,https://images.sidearmdev.com/crop?url=https%3A%2F%2Fdxbhsrqyrr690.cloudfront.net%2Fsidearm.nextgen.sites%2Func.sidearmsports.com%2Fimages%2F2025%2F10%2F2%2FBoaz_Folger.2026.bb.2775.jpg&width=180&height=270&type=webp,,,,,
547,Parker Coil,LHP,Arkansas,C,https://arkansasrazorbacks.com/wp-content/uploads/2024/01/36-Parker-Coil-BSB-2024-64839-1x1-1.jpg,,,,,
548,Catcher Hopkins,C,Tomball,H,https://pbs.twimg.com/profile_images/1852084887206985728/DrfFEAi6_400x400.jpg,,,"$600,000",,
549,Troy Fisher,SS,Liberty North,H,https://pbs.twimg.com/profile_images/1685331447492513793/tl8Cezbe_400x400.jpg,,,"$600,000",,
550,Cameron Tarkenton,RHP,Cardinal Gibbons,H,https://pbs.twimg.com/profile_images/1812302530941960192/5BHfW_cz_400x400.jpg,,,"$600,000",,
551,Grady Saunders,RHP,Thurston,H,https://images.squarespace-cdn.com/content/v1/5fe61acc1ae217359d3daf38/e2eda8e1-7580-415c-8df3-891150434ba8/2023.August.9_RH_510636.jpg,,,"$600,000",,
552,Hunter Watkins,RHP,Oklahoma State,C,https://images.sidearmdev.com/crop?url=https%3A%2F%2Fdxbhsrqyrr690.cloudfront.net%2Fsidearm.nextgen.sites%2Fokstate.com%2Fimages%2F2025%2F9%2F3%2FWatkins_Hunter_fNicR.jpg&width=180&height=270&type=webp,,,,,
553,Miles Clark,OF,St. John Bosco,H,https://pbs.twimg.com/profile_images/1803993856788361216/5Z3JMQg8_400x400.jpg,,,"$600,000",,
554,Clay Burdette,OF,Xavier,C,https://images.sidearmdev.com/crop?url=https%3A%2F%2Fdxbhsrqyrr690.cloudfront.net%2Fsidearm.nextgen.sites%2Fgoxavier.com%2Fimages%2F2025%2F10%2F15%2FBurdette_C_000002.jpg&width=180&height=270&type=webp,,,,,
555,Nolan Stevens,OF/LHP,Oklahoma,C,https://pbs.twimg.com/profile_images/1981856777554522112/_3ZTncuA.jpg,,,,,
556,James Guyette,RHP,Kansas State,C,https://images.sidearmdev.com/resize?url=https%3A%2F%2Fdxbhsrqyrr690.cloudfront.net%2Fsidearm.nextgen.sites%2Fkstate.sidearmsports.com%2Fimages%2F2025%2F2%2F27%2F20250222_EK_BSB_U-M_040_RXuTj.JPEG&height=300&type=webp,,,,,
557,Devin Long,RHP,Chaparral,H,https://www.prepbaseballreport.com/passets/photo/AZ/6485291370-IMG_0461.jpeg,,,"$600,000",,
558,Zach Geertsma,3B,Governor Livingston,H,https://pbs.twimg.com/media/GPwKBkxWoAAnTwZ?format=jpg&name=large,,,"$600,000",,
559,Jordan Martinez,SS/RHP,Trinity Christian Academy,H,https://pbs.twimg.com/profile_images/1705301249782890496/-viVsfuc_400x400.jpg,,,"$600,000",,
560,Jordan Stephens,RHP,Georgia,C,https://images.sidearmdev.com/crop?url=https%3A%2F%2Fdxbhsrqyrr690.cloudfront.net%2Fsidearm.nextgen.sites%2Fgeorgiadogs.com%2Fimages%2F2024%2F9%2F11%2FStephens__Jordan.JPG&width=180&height=270&type=webp,,,,,
561,Miles Keogh,SS,Legendary Prep,H,https://encrypted-tbn0.gstatic.com/images?q=tbn:ANd9GcSqMys0zmKE0tsyb05sYPaCLAU5QZj6tHvV7g&s,,,"$600,000",,
562,Cole Royer,RHP,Kennesaw State,C,https://ramblinwreck.com/imgproxy/Ui2aX0rw3ADqSASdZYOzCN2gGJP9nf6XKMYVJfGBw4E/fit/2500/2500/ce/0/aHR0cHM6Ly9yYW1ibGlud3JlY2suY29tL3dwLWNvbnRlbnQvdXBsb2Fkcy8yMDI0LzExL0NvbGUtUm95ZXItSFMuanBn.jpg,,,,,
563,Jake Lambdin,SS,Duke,C,https://images.sidearmdev.com/crop?url=https%3A%2F%2Fdxbhsrqyrr690.cloudfront.net%2Fsidearm.nextgen.sites%2Fgoduke.com%2Fimages%2F2025%2F12%2F16%2FJakeLambdin.png&width=180&height=270&type=webp,,,,,"$750,000"
564,Garrett Shull,OF,Oklahoma State,C,https://images.sidearmdev.com/crop?url=https%3A%2F%2Fdxbhsrqyrr690.cloudfront.net%2Fsidearm.nextgen.sites%2Fokstate.com%2Fimages%2F2024%2F9%2F21%2FShull_Garrett_FVWmd.JPG&width=180&height=270&type=webp,,,,,
565,Andrew Duncan,OF,Wright State,C,https://pbs.twimg.com/profile_images/1703802016940593152/eqqVnc07_400x400.jpg,,,,,
566,Zach Edwards,RHP,Oregon State,C,https://osubeavers.com/images/2025/9/16/Edwards.png,,,,,
567,Dane Burns,LHP,Mississippi State,C,https://images.sidearmdev.com/crop?url=https%3A%2F%2Fdxbhsrqyrr690.cloudfront.net%2Fsidearm.nextgen.sites%2Fmsstate.sidearmsports.com%2Fimages%2F2024%2F11%2F19%2FBurns_Dane_WEB_20241115_BB_Headshots_MM_0008.jpg&width=180&height=270&type=webp,,,,,
568,Adrian Lopez,SS,Southern California,C,https://images.sidearmdev.com/crop?url=https%3A%2F%2Fdxbhsrqyrr690.cloudfront.net%2Fsidearm.nextgen.sites%2Fusctrojans.com%2Fimages%2F2025%2F2%2F3%2FLopez__Adrian.jpg&width=180&height=270&type=webp,,,,,
569,Chandler Hart,LHP,Allen,H,"https://img.mlbstatic.com/opprops-images/image/upload/ar_1:1,g_auto,c_fill,w_1024/opprops/bnchz34zhkegwmcjgogh.jpg",,,"$600,000",,
570,Manny Marin,SS,Tennessee,C,https://utsports.com/images/2025/2/6/494437_20241009_BB_Headshot_KL_017.jpg,,,,,
571,Chase Krewson,OF,Rutgers,C,https://pbs.twimg.com/profile_images/1946965512576995328/Nae_g0Wf_400x400.jpg,,,,,
572,Karl Ralamb,RHP,Bellarmine,C,https://athletics.bellarmine.edu/images/2026/1/20/RalambKarl2026.jpg?width=300,,,,,
573,Gavin King,RHP,Middle Tennessee State,C,https://images.sidearmdev.com/crop?url=https%3A%2F%2Fdxbhsrqyrr690.cloudfront.net%2Fsidearm.nextgen.sites%2Fmtsu.sidearmsports.com%2Fimages%2F2025%2F11%2F20%2FKing__Gavin_-_Web.jpg&width=180&height=270&type=webp,,,,,"$750,000"
574,Dax Hardcastle,RHP/OF,St. Mary's,H,"https://image.maxpreps.io/rosters/b231ef20-6494-421f-b3a0-9ccbb82d678f/1/0/8/108319cc-d204-4af3-ab75-01f45171587a/original.jpg?version=638751646943309969&width=1024&crop=1:1,smart",,,"$600,000",,
575,JP Robertson,RHP,Ole Miss,C,https://images.sidearmdev.com/crop?url=https%3A%2F%2Fdxbhsrqyrr690.cloudfront.net%2Fsidearm.nextgen.sites%2Folemisssports.com%2Fimages%2F2025%2F1%2F30%2FRobertson__JP_2025_CHS.jpg&width=180&height=270&type=webp,,,,,
576,Madden Tatum,3B/RHP,Valley View,H,https://media.hometeamsonline.com/photos/baseball/VALLEYVIEWBASEBALL/player1661272323015.jpg,,,"$600,000",,"$750,000"
577,Graham Charboneau,OF,Kingwood,H,https://pbs.twimg.com/profile_images/1553392565323501568/gTVTZWPF_400x400.jpg,,,"$600,000",,
578,Payton Brennan,OF,UCLA,C,https://images.sidearmdev.com/crop?url=https%3A%2F%2Fdxbhsrqyrr690.cloudfront.net%2Fsidearm.nextgen.sites%2Fuclabruins.com%2Fimages%2F2026%2F1%2F14%2FBrennan.png&width=180&height=270&type=webp,,,,,"$750,000"
579,Elijah Ickes,SS,Hawaii,C,https://hawaiiathletics.com/images/2024/12/10/Ickes__Elijah24_3650_QK0xz.JPG,,,,,"$750,000"
580,Joey McMannis,RHP,Oklahoma,C,https://umterps.com/images/2024/10/2/21_Joey_McMannis.jpg,,,,,"$750,000"
581,Luke Craytor,RHP,Virginia Tech,C,,,,,,
582,David Hinojosa,RHP,Poly Prep,H,https://pbr-affd.kxcdn.com/passets/photo/NY/5396824170-IMG_1618.jpeg,,,"$600,000",,
583,Alika Ahu,SS,University Laboratory School,H,https://www.fieldlevel.com/webapi/v2/LegacyImages/Headshot?Username=alika.ahu&Width=200,,,"$600,000",,
584,Sammy Swank,RHP,McCutcheon,H,"https://www.jconline.com/gcdn/authoring/authoring-images/2024/04/18/PLAI/73364525007-mc-cutcheon-harrison-bb-041724-am-00187.jpg?crop=2420,1361,x0,y60&width=2420&height=1361&format=pjpg&auto=webp",,,"$600,000",,
585,Ivan Sabater,RHP,West Broward,H,https://pbs.twimg.com/profile_images/1818865116722376704/69j-hZjZ_400x400.jpg,,,"$600,000",,
586,Matthew Jenkins,RHP,Florida,C,https://d2b5htfb6s9xp9.cloudfront.net/images/2025/1/6/Jenkins_Matthew.jpg?width=300,,,,,
587,Griiffin Stieg,RHP,Virginia Tech,C,https://pbs.twimg.com/profile_images/1033544895506591744/9YGZnA2M_400x400.jpg,,,,,
588,Ethan Marmie,RHP,Cal Poly,C,,,,,,
589,Kevin Milewski,C,Mississippi State,C,https://images.sidearmdev.com/crop?url=https%3A%2F%2Fdxbhsrqyrr690.cloudfront.net%2Fsidearm.nextgen.sites%2Fmsstate.sidearmsports.com%2Fimages%2F2025%2F8%2F26%2FMilewski_Kevin_20250826_BB_Headshots_HW_0047.JPG&width=180&height=270&type=webp,,,,,
590,Kahanu Martinez,SS,Saint Louis School,H,https://www.staradvertiser.com/wp-content/uploads/2025/07/web1_3B-Kahanu-Martinez--Saint-Louis-.jpg,,,"$600,000",,
591,Luke Guth,RHP,Vanderbilt,C,https://bloximages.newyork1.vip.townnews.com/thederrick.com/content/tncms/assets/v3/editorial/f/fb/ffb35efa-f7a6-11ee-b10e-ff1073d881a3/661743e83d4d0.image.jpg?resize=350%2C500,,,,,
592,Tyler Kozera,RHP,North Florida,C,,,,,,
593,Bubba Coleman,SS,Cherokee Bluff,H,https://i0.wp.com/cherokeebluffbaseball.com/wp-content/uploads/2024/02/20-Bubba-Coleman.jpg?fit=1200%2C1200&ssl=1,,,"$600,000",,
594,Easton Davies,RHP,Salt Lake Community College,C,https://slccbruins.com/images/2025/1/24/_21-Easton-Davies_jRSW5.jpg?width=300,,,,,
595,Judson Dowell,OF,Houston Lamar,H,https://pbs.twimg.com/media/FNwurWsX0AE-LkR.jpg,,,"$600,000",,
596,Jimmy Anderson,SS,Heartland CC,C,https://heartlandhawks.com/images/2025/8/25/jimmy_anderson.jpg?width=300,,,,,
597,Grant Fontenot,RHP,LSU,C,https://media.licdn.com/dms/image/v2/C4D03AQGCsucvR304Yg/profile-displayphoto-shrink_200_200/profile-displayphoto-shrink_200_200/0/1645737564217?e=2147483647&v=beta&t=touJJmFtjaxFelZBwtYdY3zNmuBdCkS5HcPmYr2g6lk,,,,,
598,Will Plunkett,3B,Mamaroneck,H,https://pbs.twimg.com/profile_images/1624954654642561030/LUdt30qK_400x400.jpg,,,"$600,000",,
599,Colin Fitzgerald,RHP,Penn State,C,https://gopsusports.com/imgproxy/kaUewMhH9Hfpi6mfvWwBtGE9o0cIs37cOkv_Tj_HOc8/rs:fit:480:0:0:0/q:85/aHR0cHM6Ly9zdG9yYWdlLmdvb2dsZWFwaXMuY29tL2dvcHN1c3BvcnRzLXByb2QvMjAyNi8wMi8wMi9PenBsbXdENW1MMllYVTd1blZMN3BJMWJhbUJySllxUVlHOEhDaVVKLmpwZw.jpg,,,,,
600,Jonathan Mendez,SS,UC Santa Barbara,C,https://ucsbgauchos.com/images/2024/12/22/Jonathan_Mendez_Baseball_Headshot_2025_0003_L4QKY.jpg,,,,,
601,Jake Jackson,OF,San Diego State,C,https://goaztecs.com/imgproxy/9JMFT4glMQIDaR2HGpMQyN5lVJ4gcEploKoO4VmL80o/rs:fit:1980:0:0/g:ce/q:90/aHR0cHM6Ly9zdG9yYWdlLmdvb2dsZWFwaXMuY29tL3Nkc3UtcHJvZC8yMDI0LzA2LzE5L3BESFNIdGtFMWhsMTd2MUZFR00zcEJITG5PMjVpb2djRUo5VWdQN2suanBn.jpg,,,,,
602,Ryan Combs,RHP,Charlotte,C,https://s3media.247sports.com/Uploads/Assets/543/935/12935543.jpg,,,,,
603,Coleman Mizell,OF,Alabama,C,https://images.sidearmdev.com/crop?url=https%3A%2F%2Fdxbhsrqyrr690.cloudfront.net%2Fsidearm.nextgen.sites%2Frolltide.com%2Fimages%2F2025%2F1%2F16%2FMizell__Coleman.jpg&width=180&height=270&type=webp,,,,,
604,Jaxon Grossman,RHP,Oklahoma,C,https://media.mauinow.com/file/mauinow/2025/06/Screenshot-2025-06-16-at-7.47.06AM-1024x835.png,,,,,
605,Weston Moss,RHP,Texas A&M,C,https://images.sidearmdev.com/crop?url=https%3A%2F%2Fdxbhsrqyrr690.cloudfront.net%2Fsidearm.nextgen.sites%2Ftamu.sidearmsports.com%2Fimages%2F2024%2F1%2F24%2FMoss__Weston_sn0zd.jpg&width=180&height=270&type=webp,,,,,
606,Connor Langdon,LHP,Perry,H,https://pbs.twimg.com/media/GR4cGGXXQAAMG0w?format=jpg&name=large,,,"$600,000",,"$750,000"
607,Daniel Kellis,RHP,Radnor,H,https://www.delcotimes.com/wp-content/uploads/2025/04/DTD-L-RADNORPENNCREST-0417-3-1.jpg?w=401,,,"$600,000",,
608,Colten Rainer,RHP,Royal,H,"https://image.maxpreps.io/rosters/b231ef20-6494-421f-b3a0-9ccbb82d678f/a/f/4/af4568e0-7d63-44c5-9412-6f80270488b3/original.jpg?version=638762725969759146&width=1024&crop=1:1,smart",,,"$600,000",,
609,Armani Guzman,OF,West Virginia,C,https://cdn.d1baseball.com/uploads/2025/10/19220204/Armani-Guzman.jpeg,,,,,
610,Matt Bucciero,OF,Fairfield,C,https://fairfieldstags.com/images/2025/4/29/DSC05881.jpg?width=300,,,,,
611,Isaiah Lane,SS,Hope International,C,https://usdtoreros.com/images/2024/12/10/Isaiah_Lane.png,,,,,
612,Jordy Oriach,OF,Georgia,C,https://images.sidearmdev.com/crop?url=https%3A%2F%2Fdxbhsrqyrr690.cloudfront.net%2Fsidearm.nextgen.sites%2Fgeorgiadogs.com%2Fimages%2F2025%2F8%2F19%2FOriach__Jordy.JPG&width=180&height=270&type=webp,,,,,"$750,000"
613,John Lindsey III,1B,Petal,H,https://09d1d85a2275582e9dad-7b3e649a230e2ba2cff912d8af17e0b5.ssl.cf1.rackcdn.com/10158646.jpeg,,,"$600,000",,
614,Cameron Chee-Aloy,OF,Illinois,C,https://fightingillini.com/images/2024/9/11/CheeAloy_Cameron_WEB_20240825_BSB_Headshot_KS_0274_9wvcY.jpg,,,,,
615,Lincoln Boyle,OF,St. Thomas Aquinas,H,https://pbs.twimg.com/profile_images/1825712083599544320/W8upPGiY.jpg,,,"$600,000",,
616,Tucker Thompson,LHP,Gardner-Edgerton,H,https://pbs.twimg.com/profile_images/1819460634209034240/VANe7kHZ_400x400.jpg,,,"$600,000",,
617,Carson May,C,Olathe East,H,https://pbs.twimg.com/media/Gw81p6bWMAAJQeE?format=jpg&name=large,,,"$600,000",,
618,Scott Campbell,OF,Kentucky,C,https://storage.googleapis.com/ukathletics-com/2025/08/amt-231db5ec0c97477e685d6510f32b8a22b3751825-3be3403c-2025scott_campbell_02cb.jpg,,,,,
619,Cade Allen,RHP,South Gibson County,H,"https://www.jacksonsun.com/gcdn/authoring/authoring-images/2024/04/02/PJAT/73179918007-south-gibsonvs-obion-county-baseball-0010.jpg?crop=4572,2572,x0,y0&width=3200&height=1801&format=pjpg&auto=webp",,,"$600,000",,
620,Julian Sabourin,RHP,Bishop Tonnos Catholic,H,https://images.squarespace-cdn.com/content/v1/54f9f8eee4b0cfcc918a27eb/3f327e7d-e37a-44d6-b4fa-b30674b612ea/Julian+Sabourin+HS+Pitching.jpg,,,"$600,000",,
621,KJ Scobey,3B/SS,South Carolina,C,https://gamecocksonline.com/imgproxy/DJOc2xpmpls-CTDtmaXa91ixZSKIcKG5vsUbv_SFRm4/fit/564/832/ce/0/aHR0cHM6Ly9zdG9yYWdlLmdvb2dsZWFwaXMuY29tL2dhbWVjb2Nrc29ubGluZS1jb20vMjAyNC8xMS8wZGYxYzRiMS1zY29iZXkta2ouanBn.png,,,,,
622,Kaleb Traylor,3B,TNXL Academy,H,https://pbs.twimg.com/profile_images/1794106381340942337/P-ZpdyIq_400x400.jpg,,,"$600,000",,
623,Kent Schmidt,1B,Georgia Tech,C,https://ramblinwreck.com/imgproxy/qb309BigMh-NUyR_mSo3f7qBPNGPEL3CT9uaen6bgwM/fit/2500/2500/ce/0/aHR0cHM6Ly9yYW1ibGlud3JlY2suY29tL3dwLWNvbnRlbnQvdXBsb2Fkcy8yMDI0LzExL0tlbnQtU2NobWlkdC1IUy5qcGc.jpg,,,,,
624,Landon Church,2B/OF,West Forsythe,H,https://pbs.twimg.com/media/GsE6IPQWwAAPzWj?format=jpg&name=large,,,"$600,000",,
625,Michael Catalano,RHP,Oklahoma,C,https://img-s-msn-com.akamaized.net/tenant/amp/entityid/AA1DqnOK.img?w=768&h=432&m=6&x=441&y=85&s=76&d=76,,,,,"$750,000"
626,Johnson DuBose,SS,IMG Academy,H,https://pbs.twimg.com/amplify_video_thumb/1907830595138265088/img/b1qBA4DbfHhJQZIt?format=jpg&name=large,,,"$600,000",,"$750,000"
627,Yodelkis Quevedo,3B,Mater Academy,H,https://encrypted-tbn0.gstatic.com/images?q=tbn:ANd9GcTnYosUV68A910iwen8nTM4OlQqGcxedoYUyA&s,,,"$600,000",,
628,Brady Abate,OF,Malvern Prep,H,https://pbs.twimg.com/profile_images/1699628022855356416/nZWjJnYc_400x400.jpg,,,"$600,000",,
629,Jake Bechtel,OF,UNC Wilmington,C,https://pbs.twimg.com/profile_images/1932292249930326016/StoZGRc6_400x400.jpg,,,,,
630,Phoenix Call,OF,UCLA,C,https://images.sidearmdev.com/crop?url=https%3A%2F%2Fdxbhsrqyrr690.cloudfront.net%2Fsidearm.nextgen.sites%2Fuclabruins.com%2Fimages%2F2024%2F12%2F10%2FCall_Phoenix01.png&width=180&height=270&type=webp,,,,,
631,Harrison Didawick,OF,Virginia,C,"https://img.mlbstatic.com/mlb-images/image/upload/ar_16:9,g_auto,q_auto:good,w_1536,c_fill,f_jpg/mlb/n13gneeu20ll6ken5gil",,,,,
632,Tyler Kapa,RHP,Virginia,C,https://pbs.twimg.com/profile_images/1805615253197094912/jS4wI7gc_400x400.jpg,,,,,
633,Kaden Powell,OF,Beech Senior,H,https://www.tennessean.com/gcdn/authoring/authoring-images/2024/05/17/PNAS/73726958007-nas-beech-vs-lincoln-county-baseball-03.JPG?width=1733&height=1187&fit=crop&format=pjpg&auto=webp,,,"$600,000",,
634,Gavyn Jones,LHP,Oklahoma,C,https://images.sidearmdev.com/crop?url=https%3A%2F%2Fdxbhsrqyrr690.cloudfront.net%2Fsidearm.nextgen.sites%2Fsoonersports.com%2Fimages%2F2024%2F8%2F28%2FBB_Headshots_Gavyn_Jones_OUA06711.JPG&width=180&height=270&type=webp,,,,,
635,Haiden Leffew,LHP,Texas,C,https://pbs.twimg.com/media/GziEQ5rWEAEtveq?format=jpg&name=4096x4096,,,,,
636,Ashton Larson,OF,Texas,C,https://images.sidearmdev.com/crop?url=https%3A%2F%2Fdxbhsrqyrr690.cloudfront.net%2Fsidearm.nextgen.sites%2Ftexassports_com%2Fimages%2F2025%2F8%2F26%2FLarson_Ashton_Cropped_Headshot-2026_OUa0M.jpg&width=180&height=270&type=webp,,,,,
637,Colby Turner,3B,Michigan,C,https://images.sidearmdev.com/crop?url=https%3A%2F%2Fdxbhsrqyrr690.cloudfront.net%2Fsidearm.nextgen.sites%2Fmgoblue.com%2Fimages%2F2024%2F11%2F21%2F20241121-bsb-turner.jpg&width=180&height=270&type=webp,,,,,
638,Marcus Greis,3B/RHP,JSerra Catholic,H,https://oluathletics.org/images/2025/2/3/Marcus_Greis_36_9W2py.JPG,,,"$600,000",,
639,Burke-Lee Mabeus,C,Oregon,C,https://images.sidearmdev.com/crop?url=https%3A%2F%2Fdxbhsrqyrr690.cloudfront.net%2Fsidearm.nextgen.sites%2Fuoregon.sidearmsports.com%2Fimages%2F2025%2F1%2F30%2FMabeus__Burke-Lee.JPG&width=180&height=270&type=webp,,,,,
640,Carson Moser,RHP,Saratoga Central Catholic,H,https://s.hdnux.com/photos/01/50/46/14/27419421/3/1920x0.jpg,,,"$600,000",,
641,Max Stagg,OF,UC Santa Barbara,C,https://pbs.twimg.com/profile_images/1910535760945831936/xWAyBkq4_400x400.jpg,,,,,
642,Matthew Heiberger,LHP,Alabama,C,https://images.sidearmdev.com/crop?url=https%3A%2F%2Fdxbhsrqyrr690.cloudfront.net%2Fsidearm.nextgen.sites%2Frolltide.com%2Fimages%2F2025%2F1%2F16%2FHeiberger__Matthew.jpg&width=180&height=270&type=webp,,,,,
643,Luke Labbe,C/SS,Bartram Trail,H,https://pbs.twimg.com/media/GXuxInFXgAE21Hm?format=jpg&name=large,,,"$600,000",,"$750,000"
644,Brise Boop,SS/3B,JSerra Catholic,H,https://pbs.twimg.com/profile_images/1983654411495993351/CWQvSi3u_400x400.jpg,,,"$600,000",,
645,DJ Delaney,OF,St. Ignatius,H,https://encrypted-tbn0.gstatic.com/images?q=tbn:ANd9GcT6YZOP2S84EZy1oSJ8oOiiqiV-iqfQgeqUjw&s,,,"$600,000",,
646,Christian Olivares,C/3B,London,H,https://pbs.twimg.com/profile_images/1830045678648602624/OF7IMenJ_400x400.jpg,,,"$600,000",,
647,Jack Arcamone,C,Georgia,C,https://images.sidearmdev.com/crop?url=https%3A%2F%2Fdxbhsrqyrr690.cloudfront.net%2Fsidearm.nextgen.sites%2Fgeorgiadogs.com%2Fimages%2F2025%2F8%2F19%2FArcamone__Jack.JPG&width=180&height=270&type=webp,,,,,
648,Leamsi Montanez,C,Miami-Dade College,C,https://pbs.twimg.com/profile_images/1901355888851423232/PeXbzITi_400x400.jpg,,,,,
649,Alex Hoffman,RHP,Charlotte Catholic,H,"https://image.maxpreps.io/rosters/b231ef20-6494-421f-b3a0-9ccbb82d678f/5/c/a/5ca11dab-006c-4560-b411-88808588efc8/original.jpg?version=638720296698543930&width=1024&crop=1:1,smart",,,"$600,000",,
650,Brady Hamilton,RHP,Wichita State,C,https://pbs.twimg.com/profile_images/1845318372910620691/-A1CQlSH_400x400.jpg,,,,,
651,Elijah Williams,LHP,Community Christian,H,https://communitychristianathletics.org/wp-content/uploads/sites/104/2025/01/Screenshot-2025-01-09-at-2.49.21%E2%80%AFPM-e1736455834365.png,,,"$600,000",,
652,Blade Carver,C/OF,East Carolina,C,https://09d1d85a2275582e9dad-7b3e649a230e2ba2cff912d8af17e0b5.ssl.cf1.rackcdn.com/4346122.jpeg,,,,,
653,Francisco Rivero,C,Canyon del Oro,H,"https://substackcdn.com/image/fetch/$s_!RubK!,f_auto,q_auto:good,fl_progressive:steep/https%3A%2F%2Fsubstack-post-media.s3.amazonaws.com%2Fpublic%2Fimages%2F4380c564-7bc1-46a1-bcca-db78ed91e279_613x641.jpeg",,,"$600,000",,
654,Treydric Barnes,OF,Taylorsville,H,https://pbs.twimg.com/profile_images/1879727390995210240/edLlJ_GJ_400x400.jpg,,,"$600,000",,
655,Bryce Krenek,LHP,Taylorsville,H,https://pbs.twimg.com/media/FvPWw5FWYAEk37e?format=jpg&name=large,,,"$600,000",,
656,Joey Lawson,RHP,Bishop Verot,H,https://pbs.twimg.com/profile_images/1821281749437120512/zaQor7fL_200x200.jpg,,,"$600,000",,
657,Tristan Lange,RHP,North Cross,H,https://bloximages.newyork1.vip.townnews.com/roanoke.com/content/tncms/assets/v3/editorial/7/02/7022aa39-c4a5-4c5a-a4ee-f1356bf683a1/68027022920e6.image.jpg?resize=1200%2C876,,,"$600,000",,
658,Rob Czarniecki,OF,Chesterton,H,https://chssandscript.com/wp-content/uploads/2024/09/IMG_5427-960x1200.png,,,"$600,000",,
659,Jack Schuman,SS/OF,Baylor,H,https://pbs.twimg.com/profile_images/1938380559555637248/SxirtqJU_400x400.jpg,,,"$600,000",,
660,Tyler Myatt,3B,Tennessee,C,https://pbs.twimg.com/media/GsQewEwW8AAgapA.jpg,,,,,
661,Tate Troxell,RHP,Guerin Catholic,H,https://pbs.twimg.com/profile_images/1934797998980239361/3fKnkLHh_400x400.jpg,,,"$600,000",,
662,Barrett Bucholz,C/OF,Atlee,H,https://bloximages.newyork1.vip.townnews.com/richmond.com/content/tncms/assets/v3/editorial/7/30/730fbd78-e019-4c38-9ec2-3f7280e24a9b/67e5fd7ecc8e0.image.jpg?resize=1200%2C800,,,"$600,000",,
663,Miller Green,LHP,Vanderbilt,C,"https://www.tennessean.com/gcdn/authoring/authoring-images/2024/05/23/NTTN/73811131007-tus-sec-tennessee-vanderbilt-gc-2282.jpg?crop=3958,2228,x0,y32&width=3200&height=1802&format=pjpg&auto=webp",,,,,"$750,000"
664,Dylan Fairchild,SS,Detroit Catholic Central,H,https://pbs.twimg.com/profile_images/1820157365754179584/NGo3H-Ab_400x400.jpg,,,"$600,000",,"$750,000"
665,Brandon Lorenzo,SS,Mater Academy,H,https://miamidadehighschoolbaseball.com/wp-content/plugins/team-admin/uploads/thumb/brandon-lorenzo-3207.jpg,,,"$600,000",,
666,Mason Bixby,RHP,Oklahoma,C,https://gofrogs.com/images/2024/10/30/Mason_Bixby_Headshot.png,,,,,
667,James Smith IV,OF/RHP,Memphis,C,https://gotigersgo.com/images/2024/10/1/Smith_James.jpg,,,,,
668,Cooper Shrum,RHP,Belton,H,https://pbs.twimg.com/media/GOofSbLXMAAieWn?format=jpg&name=4096x4096,,,"$600,000",,"$750,000"
669,Jenker Romero,RHP,Georgia Premier Academy,H,https://09d1d85a2275582e9dad-7b3e649a230e2ba2cff912d8af17e0b5.ssl.cf1.rackcdn.com/8536811.jpeg,,,"$600,000",,
670,AJ Rice,SS/RHP,Pickens,H,https://pbs.twimg.com/profile_images/1843069337898287104/AFPjp6nI_400x400.jpg,,,"$600,000",,
671,Lee Ellis,SS,Ohio State,C,https://pressprosmagazine.com/wp-content/uploads/LeeEllis_inset0918-1.jpg,,,,,
672,TJ Takats,OF,Bowling Green,C,https://images.sidearmdev.com/crop?url=https%3A%2F%2Fdxbhsrqyrr690.cloudfront.net%2Fsidearm.nextgen.sites%2Fbgsufalcons.com%2Fimages%2F2024%2F9%2F17%2FTakats_TJ-1.png&width=180&height=270&type=webp,,,,,
673,Lucas Steele,C,Auburn,C,https://auburntigers.com/imgproxy/9V_nNIrbe4jBPyWBkddE8X0z-1-Kx3ellxViZiyBiSk/rs:fit:1980:0:0/g:ce/q:90/aHR0cHM6Ly9zdG9yYWdlLmdvb2dsZWFwaXMuY29tL2F1YnVybi1wcm9kLzIwMjUvMDQvMDcvQXY3TDJ4VGF2Y1RpcE9SMVNRalhUREYwSEVGZEZDQlpxaVlEQ3JCaC5wbmc.png,,,,,
674,Connor Mattison,RHP,Kentucky,C,https://gculopes.com/images/2024/9/19/Mattison-091824.jg.0001.jpg,,,,,
675,Hunter Baynes,RHP,Old Dominion,C,https://odusports.com/imgproxy/2ylQB51plpKzwfNMDAXzSQINO1TNsmH6E1iAQbmphcE/rs:fit:1980:0:0/g:ce/q:90/aHR0cHM6Ly9zdG9yYWdlLmdvb2dsZWFwaXMuY29tL29kdS1wcm9kLzIwMjUvMDEvMzAvWEZnN2Z1eWl6dkxORWs0YUhSSHN4akp0c09rY21Sb2xSRklYc2FSOS5qcGc.jpg,,,,,"$750,000"
676,Cal Sefcik,3B,Cincinnati,C,https://gobearcats.com/imgproxy/4KWZuwupQp51Y-4sNsiqaoAzip8C2xk7Rpsxs0ENyYs/rs:fit:1980:0:0/g:ce/q:90/aHR0cHM6Ly9zdG9yYWdlLmdvb2dsZWFwaXMuY29tL2dvYmVhcmNhdHMtY29tLXByb2QvMjAyNS8wNi8xOC9kSnExVGs1Z0QyUlJieWlWR2JjUlE4UTlPWjJWVFJMVU1hb0d1WnZvLndlYnA.webp,,,,,
677,Javar Williams,OF,Wake Forest,C,https://godeacs.com/images/2024/2/14/240129_SRS_WAKEBSB_Headshots-Williams.JPG,,,,,
678,Jackson Freeman,OF,Northwestern,C,,,,,,
679,Michael Ramsey,RHP,Parsons,H,https://pbs.twimg.com/profile_images/1773909793863802880/g9ofRj6H_400x400.jpg,,,"$600,000",,
680,Chase Williams,OF/2B,Florida State,C,https://pbs.twimg.com/profile_images/1846594238445735936/y1tP-KVe_400x400.jpg,,,,,
681,Christian Lim,LHP,Stanford,C,https://gostanford.com/imgproxy/AfX28JPec1jAYFwcgTZvCh-wTuoKVsWpXUk-IY18EPw/rs:fit:1980:0:0/g:ce/q:90/aHR0cHM6Ly9zdG9yYWdlLmdvb2dsZWFwaXMuY29tL3N0YW5mb3JkLXByb2QvMjAyNC8wMS8yMi9VUGd1aHBDNEpnbDhmVktNcUlLT2doblJuQm5yY0hoU3BabFlyWTJhLmpwZw.jpg,,,,,
682,Rylan Lujo,1B/3B,Georgia,C,https://images.sidearmdev.com/crop?url=https%3A%2F%2Fdxbhsrqyrr690.cloudfront.net%2Fsidearm.nextgen.sites%2Fgeorgiadogs.com%2Fimages%2F2025%2F8%2F19%2FLujo__Rylan.JPG&width=180&height=270&type=webp,,,,,
683,Gabe Camacho,1B,San Diego,C,https://ucsdtritons.com/images/2025/2/9/Camacho_Gabe.jpg,,,,,
684,Ariel Antigua,SS,Tennessee,C,https://utsports.com/images/2024/10/27/Antigua_mj9SH.jpg,,,,,
685,Alex Kranzler,RHP,Vanderbilt,C,https://vucommodores.com/wp-content/uploads/2025/01/77_Kranzler_Alex.jpg,,,,,"$750,000"
686,Tryston McLaddie,SS,Clemson,C,https://clemsontigers.com/wp-content/uploads/2024/11/McCladdieTryston.jpg,,,,,
687,JT Guerrero ,RHP,Grand Canyon,C,,,,,,"$750,000"
688,Dylan Story,RHP,High Point,C,https://highpointpanthers.com/images/2025/1/15/Dylan_Story_Headshot.png,,,,,
689,Colton Hartman,LHP,Louisville,C,https://images.sidearmdev.com/crop?url=https%3A%2F%2Fdxbhsrqyrr690.cloudfront.net%2Fsidearm.nextgen.sites%2Fgocards.com%2Fimages%2F2025%2F2%2F12%2Fcolton_hartman_hs25.jpg&width=180&height=270&type=webp,,,,,
690,Reese Chapman,OF,Tennessee,C,https://odstcoreprodncus01.blob.core.windows.net/profile/427119/20220703223728_thumbnail-e3a80d42-9e05-427a-8e1d-1ed67023de5d.jpg,,,,,
691,Jackson Logar,RHP,Mississippi State,C,https://images.sidearmdev.com/crop?url=https%3A%2F%2Fdxbhsrqyrr690.cloudfront.net%2Fsidearm.nextgen.sites%2Fjmusports.com%2Fimages%2F2025%2F1%2F21%2FJackson_Logar-25.png&width=180&height=270&type=webp,,,,,
692,Tim Simay,SS,Southern Illinois,C,https://images.sidearmdev.com/crop?url=https%3A%2F%2Fdxbhsrqyrr690.cloudfront.net%2Fsidearm.nextgen.sites%2Fsiusalukis.com%2Fimages%2F2024%2F12%2F6%2FSimay__Timothy.jpg&width=180&height=270&type=webp,,,,,"$750,000"
693,Sam Myers,OF,Arizona State,C,https://gofrogs.com/images/2024/10/30/Sam_Myers_Headshot.png,,,,,
694,Cameron Taylor,RHP,Kearney,H,https://encrypted-tbn0.gstatic.com/images?q=tbn:ANd9GcSxuji9Q-jIjMye5CJUERhZaVW8xgyDrYxt2g&s,,,"$600,000",,"$750,000"
695,Campbell Smithwick,C,Oklahoma State,C,https://images.sidearmdev.com/crop?url=https%3A%2F%2Fdxbhsrqyrr690.cloudfront.net%2Fsidearm.nextgen.sites%2Folemisssports.com%2Fimages%2F2025%2F1%2F30%2FSmithwick__Campbell_2025_CHS.jpg&width=180&height=270&type=webp,,,,,
696,Drew Talavs,RHP,San Diego State,C,https://images.sidearmdev.com/crop?url=https%3A%2F%2Fdxbhsrqyrr690.cloudfront.net%2Fsidearm.nextgen.sites%2Foregonstate.sidearmsports.com%2Fimages%2F2024%2F10%2F28%2F25BB_Headshot_TalvasDrew_00452.jpg&width=180&height=270&type=webp,,,,,
697,Jack Bell,SS,TCU,C,https://gofrogs.com/images/2024/10/30/Jack_Bell_Headshot.png?width=300,,,,,
698,Justin Lee,RHP,UCLA,C,https://images.sidearmdev.com/crop?url=https%3A%2F%2Fdxbhsrqyrr690.cloudfront.net%2Fsidearm.nextgen.sites%2Fuclabruins.com%2Fimages%2F2024%2F12%2F10%2FLee_Justin01.png&width=180&height=270&type=webp,,,,,
699,Lorenzo Laurel,OF,Marjory Stoneman Douglas,H,"https://image.maxpreps.io/rosters/76954902-6d31-4d59-b6f4-dbdf36f35ff5/3/f/1/3f13d0a5-6a68-42b4-b295-b32f21ccfb2d/original.jpg?version=638421593917604096&width=1024&crop=1:1,smart",,,"$600,000",,
700,Thomas Crabtree,RHP,Southern Miss,C,https://dudh74xyv196a.cloudfront.net/images/2025/2/9/494466_20241009_BB_Headshot_KL_046.jpg?width=275,,,,,
701,Reid Gainous,RHP,Thomas County Central,H,https://pbs.twimg.com/profile_images/1813754433420857344/dkflAGkC_400x400.jpg,,,"$600,000",,
702,McCoy Silicz,RHP,Bakersfield Christian,H,https://borasclassic.com/wp-content/uploads/2024/03/McCoy-Silicz-scaled.jpg,,,"$600,000",,
703,Heath Andrews,RHP,NC State,C,,,,,,
704,Kenji Pallares,RHP,Loyola Marymount,C,https://gomatadors.com/images/2023/9/12/Pallares_Kenji_24.jpg?width=300,,,,,
705,Sawyer Farr,SS,Texas A&M,C,https://images.sidearmdev.com/crop?url=https%3A%2F%2Fdxbhsrqyrr690.cloudfront.net%2Fsidearm.nextgen.sites%2Ftamu.sidearmsports.com%2Fimages%2F2025%2F1%2F14%2FFarr_-Sawyer.jpg&width=180&height=270&type=webp,,,,,
706,Donovan LaSalle,2B/OF,Louisiana,C,https://images.sidearmdev.com/crop?url=https%3A%2F%2Fdxbhsrqyrr690.cloudfront.net%2Fsidearm.nextgen.sites%2Fokstate.com%2Fimages%2F2024%2F9%2F21%2FLaSalle_Donovan_g13Py.JPG&width=180&height=270&type=webp,,,,,
707,Jack Smejkal,RHP/SS,The Woodlands,H,"https://img.mlbstatic.com/opprops-images/image/upload/ar_1:1,g_auto,c_fill,w_1024/opprops/sab7hytdyjkswaq8b0y9.jpg",,,"$600,000",,
708,Landon O'Donnell,RHP,South Florida,C,https://www.scfmanatees.com/sports/bsb/2024-25/photos/-34_Landon_O-Donnell_-2-.jpg?max_height=576&max_width=576&crop=1,,,,,
709,Tyson Bobo,RHP,Patrick Henry,H,https://pbs.twimg.com/profile_images/1794082448017666048/R9FVvBRr_400x400.jpg,,,"$600,000",,
710,Cameron Kim,3B,Cal State Fullerton,C,https://images.sidearmdev.com/crop?url=https%3A%2F%2Fdxbhsrqyrr690.cloudfront.net%2Fsidearm.nextgen.sites%2Fuclabruins.com%2Fimages%2F2024%2F12%2F10%2FKim_Cameron01.png&width=180&height=270&type=webp,,,,,
711,RJ Hamilton,SS,Duke,C,"https://img.mlbstatic.com/opprops-images/image/upload/ar_1:1,g_auto,c_fill,w_1024/opprops/zthctd3tndlbujdzyolc.jpg",,,,,
712,Easton Winfield,OF,Houston,C,https://pbs.twimg.com/media/GwuLLjtXoAAYpuL?format=jpg&name=small,,,,,
713,Max Jensen,1B,Vanderbilt,C,,,,,,
714,Kade Bing,LHP,Texas,C,https://texaslonghorns.com/images/2025/1/18/Bing_Kade-Cropped-2025.jpg,,,,,
715,Tanner Marsh,SS,Liberty,C,https://images.sidearmdev.com/crop?url=https%3A%2F%2Fdxbhsrqyrr690.cloudfront.net%2Fsidearm.nextgen.sites%2Flibertyuni.sidearmsports.com%2Fimages%2F2024%2F2%2F1%2FMarsh__Tanner._2024jpg.jpg&width=180&height=270&type=webp,,,,,
716,Bryson Moore,RHP,Florida State,C,https://pbs.twimg.com/profile_images/1893492164765560832/PLRLlpXu_400x400.jpg,,,,,
717,Maddux Lessard,C/IF,Muskego,H,https://www.prepbaseballreport.com/passets/photo/WI/9521048673-maddux-lessard-2024.jpg,,,"$600,000",,
718,Mark Metcalf,SS,Sarasota,H,,,,"$600,000",,
719,Noah Everly,SS,St. John Bosco,H,https://www.presstelegram.com/wp-content/uploads/2025/04/LPT-L-HSB-BOSCO-MD-0423-01.jpg?w=640,,,"$600,000",,
720,Cam Allen,RHP,Wright State,C,https://wsuraiders.com/images/2024/11/18/Allen__Cameron_084_10-24_LTJQq.jpg,,,,,
721,Tucker Long,RHP,Ottumwa,H,"https://img.mlbstatic.com/opprops-images/image/upload/ar_1:1,g_auto,c_fill,w_1024/opprops/u8lbqumii9fdgeoxrhrz.jpg",,,"$600,000",,
722,Alex Solis,RHP,Houston,C,https://myrgv.com/wp-content/uploads/2023/08/131734948_web1_072222.ALEX_SOLIS.jm.001.jpg,,,,,
723,James DeCremer III,RHP,Arkansas,C,https://images.sidearmdev.com/crop?url=https%3A%2F%2Fdxbhsrqyrr690.cloudfront.net%2Fsidearm.nextgen.sites%2Foregonstate.sidearmsports.com%2Fimages%2F2024%2F10%2F28%2F25BB_Headshot_DecremerJames_01195.jpg&width=180&height=270&type=webp,,,,,
724,Ryan MacDougall,C,Dayton,C,https://images.sidearmdev.com/convert?url=https%3A%2F%2Fdxbhsrqyrr690.cloudfront.net%2Fsidearm.nextgen.sites%2Fudayton.sidearmsports.com%2Fimages%2F2024%2F2%2F16%2FBBALL-07370.jpg&type=webp,,,,,
725,Karson Reeder,RHP,Tomball,H,"https://images2.minutemediacdn.com/image/upload/c_crop,w_1500,h_843,x_0,y_147/c_fill,w_1200,ar_1:1,f_auto,q_auto,g_auto/images/voltaxMediaLibrary/mmsport/high_school/01jt4hjqwajjvyzvdk75.jpg",,,"$600,000",,
726,Winston Pennant,OF,Sumner,H,https://on3static.com/uploads/dev/assets/cms/2024/09/30084916/Screenshot-2024-09-30-at-8.49.04%E2%80%AFAM.png,,,"$600,000",,
727,Max Stanley,RHP,Utah State,C,https://core.opendorse.com/profile/435800/20230823200125_2fbebed4-4bd9-4a15-95fc-8d1d86502fbc.jpg,,,,,
728,Adam Hachman,LHP,Kentucky,C,"https://img.mlbstatic.com/opprops-images/image/upload/ar_1:1,g_auto,c_fill,w_1024/opprops/hx4ocey0pg92jtonwno3.jpg",,,,,
729,Josh Horvath,OF/RHP,Round Rock,H,https://pbs.twimg.com/profile_images/1918799332838420480/_AFVmtGP_400x400.jpg,,,"$600,000",,
730,Trenton Maybin,OF,Asheville,H,https://pbs.twimg.com/profile_images/1818054919955341312/FncN3dzS_400x400.jpg,,,"$600,000",,
731,Gunnar Alm,OF,Polk County,H,https://pbs.twimg.com/profile_images/1949629418948767744/eZouemIE_400x400.jpg,,,"$600,000",,
732,Nolan Souza,SS/2B,Arkansas,C,https://arkansasrazorbacks.com/wp-content/uploads/2024/01/3-Nolan-Souza-BSB-2024-65358-1x1-1.jpg,,,,,
733,Logan Johnstone,OF,Vanderbilt,C,,,,,,
734,Ariston Veasey,RHP,Alabama,C,,,,,,"$750,000"
735,Parker Detmers,RHP,Louisville,C,https://www.courier-journal.com/gcdn/authoring/authoring-images/2025/06/10/PLOU/84138322007-detmers-parker.jpg?width=700&height=700&fit=crop&format=pjpg&auto=webp,,,,,
736,Tristian Dietrich,LHP,Florida International,C,https://fiusports.com/images/2024/9/20/Tristan_Dietrich.png,,,,,
737,Nick Robert,RHP,Miami,C,https://s3media.247sports.com/Uploads/Assets/87/269/12269087.jpg,,,,,
738,Frank Menendez,LHP,Florida,C,https://floridagators.com/images/2025/1/6/Menendez_Frank.jpg,,,,,
739,Jake Hooker,RHP,Xavier,C,https://images.sidearmdev.com/crop?url=https%3A%2F%2Fdxbhsrqyrr690.cloudfront.net%2Fsidearm.nextgen.sites%2Fgoxavier.com%2Fimages%2F2024%2F9%2F24%2FHooker_J_00003.jpg&width=180&height=270&type=webp,,,,,
740,Ryan Black,2B,Georgia,C,,,,,,
741,Aidan Keenan,RHP,Stanford,C,https://gostanford.com/imgproxy/kU26oT1UvPE-7cJZpv0LiLwzXL_h2G1aL-GZFkdK3QU/rs:fit:1980:0:0/g:ce/q:90/aHR0cHM6Ly9zdG9yYWdlLmdvb2dsZWFwaXMuY29tL3N0YW5mb3JkLXByb2QvMjAyNC8wMS8yMi9YNGFwZlVtT2Z2ZlBEY1RSbXlTQUE1M2tnd1pvMFdTbEFYbVltZzlBLmpwZw.jpg,,,,,
742,Cal Fisher,2B/SS,Florida State,C,https://images.sidearmdev.com/crop?url=https%3A%2F%2Fdxbhsrqyrr690.cloudfront.net%2Fsidearm.nextgen.sites%2Ffsuni.sidearmsports.com%2Fimages%2F2023%2F9%2F14%2FFisher__Cal.jpg&width=180&height=270&type=webp,,,,,
743,Talan Bell,RHP,Clemson,C,https://clemsontigers.com/wp-content/uploads/2024/11/BellTalan.jpg,,,,,"$750,000"
744,Darnell Parker Jr,SS,Campbell,C,https://gocamels.com/images/2024/11/21/ParkerJr_Darnell_04_.jpg,,,,,
745,Isaiah Magdaleno,RHP,Hawaii,C,https://hawaiiathletics.com/images/2024/12/19/Magdaleno__Isaiah24_9020_yzqlB.jpg,,,,,
746,Porter Buursema,RHP,Georgia Tech,C,https://ramblinwreck.com/imgproxy/wQjswZL49-2zsyAKLEl1cJ0pZnAbwAuqI6bOWykv3nk/fit/2500/2500/ce/0/aHR0cHM6Ly9yYW1ibGlud3JlY2suY29tL3dwLWNvbnRlbnQvdXBsb2Fkcy8yMDI0LzExL1BvcnRlci1CdXVyc2VtYS1IUy5qcGc.jpg,,,,,
747,Collin McKinney,RHP,Arizona,C,,,,,,"$750,000"
748,Mavrick Rizy,RHP,LSU,C,,,,,,
749,Jaylen Walker,OF,Lutheran South Academy,H,https://pbs.twimg.com/profile_images/1777535849938161664/oL9wz_rU_400x400.jpg,,,"$600,000",,"$750,000"
750,Madden Clement,LHP,Virginia Tech,C,,,,,,
751,Bryson Wittmer,LHP,Milan Edison,H,https://d3i5p6znmm9yua.cloudfront.net/360_Sandusky_Live/0/0/0/0/440/50/440050_1,,,"$600,000",,
752,Cole Leaman,RHP,Lehigh,C,,,,,,
753,Brayden Harris,RHP,Trinity Christian Academy,H,https://pbs.twimg.com/profile_images/1898450178174062592/9WLO0Xcd_400x400.jpg,,,"$600,000",,
754,Jonathan Adelmann,RHP,Bucknell,C,,,,,,
755,Michael Teasley,RHP,Oak Ridge,H,https://pbs.twimg.com/media/GuYfoXOXwAMb9cy?format=jpg&name=large,,,"$600,000",,
756,JT Darden,OF,Cypress Woods,H,https://encrypted-tbn0.gstatic.com/images?q=tbn:ANd9GcQ2P_pG3lGK5ViYYpA1LpjuFsxvWHWpw0QKug&s,,,"$600,000",,"$750,000"
757,Joshua Volmerding,LHP,Cal Poly,C,,,,,,"$750,000"
758,Mikhai Grant,RHP,Kennesaw State,C,,,,,,
759,Charlie Atkinson,RHP,Dallas Baptist,C,,,,,,
760,Tait Reynolds,OF,Queen Creek,H,"https://www.azcentral.com/gcdn/authoring/authoring-images/2024/07/07/PPHX/74321610007-taitpic-1.JPG?crop=2516,2515,x0,y0",,,"$600,000",,
761,Parker Granse,LHP,Pensacola Catholic,H,"https://image.maxpreps.io/rosters/76954902-6d31-4d59-b6f4-dbdf36f35ff5/8/e/2/8e27b1a9-734b-4bfb-8858-9c72c8bf7660/original.jpg?version=638426716774008907&width=1024&crop=1:1,smart",,,"$600,000",,
762,Parker Picot,OF,Alabama,C,,,,,,
763,Jackson Chirello,OF,Kennesaw State,C,,,,,,"$750,000"
764,Matt Sauser,RHP,Central Florida,C,,,,,,
765,Crew McChesney,OF,Brigham Young,C,,,,,,
766,Drew Detlefsen,OF,UTSA,C,,,,,,
767,Ethan Farris,3B,Texas State,C,,,,,,
768,Daniel Nienaber,RHP,Glen Allen,H,https://pbs.twimg.com/profile_images/1650644886104727552/N9slUh9i_400x400.jpg,,,"$600,000",,"$750,000"
769,Easton Webb,RHP,Charles Page,H,"https://image.maxpreps.io/rosters/79ff50d9-e9a1-4afe-9bc5-2e71a6a36e8f/2/4/e/24e1ce07-2475-4864-a2fb-a1eb547af5be/original.jpg?version=638776848402820235&width=1024&crop=1:1,smart",,,"$600,000",,
770,Parker Van Engelenhoven,RHP,Olentangy Liberty,H,https://pbs.twimg.com/profile_images/1940140290066509824/eu4e2GjO_400x400.jpg,,,"$600,000",,
771,Schuyler Sandford,RHP,Florida,C,,,,,,"$750,000"
772,Andrew Cain,3B,Arizona,C,,,,,,"$750,000"
773,Alex Valentin,LHP,Texas State,C,,,,,,"$750,000"
774,Brayden Sharp,LHP,Rice,C,,,,,,"$750,000"
775,Bryce Molinaro,3B,Penn State,C,,,,,,"$750,000"
776,Ryan Hetzler,RHP,Auburn,C,,,,,,
777,Trey Newmann,RHP,California,C,,,,,,"$750,000"
778,Tyler Fay,RHP,Alabama,C,,,,,,
779,Joseph Taylor,RHP,Charlotte,C,,,,,,"$750,000"
780,Max Knight,LHP/1B,Oklahoma State,C,,,,,,
781,Kyle Boylston,OF,Florida Atlantic,C,,,,,,
782,Derek Schaefer,RHP,Arizona State,C,,,,,,
783,Christian Rodriguez,RHP,Florida,C,,,,,,
784,Tucker Holland,LHP,Arkansas,C,,,,,,
785,Nicholas Bradley,RHP,Abington Heights,H,https://pbs.twimg.com/profile_images/1583133827085570048/pRmupenI_400x400.jpg,,,"$600,000",,"$750,000"
786,Chase Morgan,LHP,Louisiana,C,,,,,,
787,Jack Cropper,RHP,Northeastern,C,,,,,,"$750,000"
788,Shea Wendt,RHP,Creighton,C,,,,,,"$750,000"
789,Jacob Gholston,RHP,Oklahoma,C,,,,,,"$750,000"
790,Brennan Seiber,RHP,Vanderbilt,C,,,,,,"$750,000"
791,Nate Brittain,RHP,Duke,C,,,,,,
792,AJ Garcia,OF,Michigan,C,,,,,,
793,Hunter Elliott,LHP,Ole Miss,C,,,,,,
794,Olin Johnson,RHP,North Carolina,C,,,,,,
795,Hunter Watson,C,Tuttle,H,https://s.yimg.com/ny/api/res/1.2/MQhrkisZtYDiHgZ_Y4rpAg--/YXBwaWQ9aGlnaGxhbmRlcjt3PTY0MDtoPTQyNztjZj13ZWJw/https://media.zenfs.com/en/the_oklahoman_natl_articles_469/6e55bd808065aa435d4a665db7a5e306,,,"$600,000",,
796,James Brody Delamielleure,SS/OF,Florida State,C,,,,,,
797,Aiden O'Connell,LHP,Duke,C,,,,,,
798,Derrick Tarpley Jr.,OF,Pittsburgh,C,,,,,,
799,Jayden Davis,2B,Penn State,C,,,,,,
800,Luke Gaffney,1B,Clemson,C,,,,,,
801,Samuel Richardson,OF,Jacksonville State,C,,,,,,
802,Griffin Miller,OF,The Benjamin School,H,https://pbs.twimg.com/media/GqZTlDpWEAACn5C?format=jpg&name=large,,,"$600,000",,
803,Cameron Hanes,RHP,TNXL Academy,H,https://09d1d85a2275582e9dad-7b3e649a230e2ba2cff912d8af17e0b5.ssl.cf1.rackcdn.com/9926425.jpg,,,"$600,000",,
804,Connor Griffin,RHP,Binghamton,C,,,,,,
805,Cade Brown,3B,Georgia Tech,C,,,,,,
806,Brady Marshall,3B,Reagan,H,https://pbs.twimg.com/profile_images/1609738427456438279/iLDWyOId_400x400.jpg,,,"$600,000",,
807,Emilio Gonzalez,1B,Florida Atlantic,C,,,,,,
808,Anaiscio Ortiz,LHP,Richmond Hill,H,https://pbs.twimg.com/profile_images/1750540757532835840/AlurYi87_400x400.jpg,,,"$600,000",,
809,Andrew Duncan,OF,Florida State,C,,,,,,
810,JC Vanek,1B,Florida State,C,,,,,,
811,Devin Wolff,RHP,Connecticut,C,,,,,,
812,Christopher Moore,SS/RHP,Kentlake,H,https://www.kentreporter.com/wp-content/uploads/2024/05/36351138_web1_DSC_0688.jpg,,,"$600,000",,
813,Matt Evans,OF,Nebraska,C,,,,,,
814,Carson Ohland,C/OF,Grand Canyon,C,,,,,,
815,Jack Haferkamp,OF,UC Santa Barbara,C,,,,,,
816,Justin Best,OF,New Orleans,C,,,,,,"$750,000"
817,Ryan Harrahill,RHP,Nebraska,C,,,,,,"$750,000"
818,Jackson Brasseux,LHP,Texas A&M,C,,,,,,"$750,000"
819,Jack Ryan,3B,St. Xavier,H,https://pbs.twimg.com/profile_images/1933945218849558528/2RJLj5Ps_400x400.jpg,,,"$450,000",,"$750,000"
820,Ty Waid,C/1B,Arkansas,C,,,,,,
821,Kealoha Kepo'o-Sabate,RHP,Meadowdale,H,https://pbs.twimg.com/profile_images/1735518436347002880/LG_0RJLN_400x400.jpg,,,"$450,000",,"$750,000"
822,Luca Reyes,OF,Florida International,C,,,,,,"$750,000"
823,Brayden Randle,SS,Ole Miss,C,,,,,,"$750,000"
824,Jacob Smith,SS,Ronald W. Reagan,H,https://encrypted-tbn0.gstatic.com/images?q=tbn:ANd9GcS57IzgOffD9vyBiYDUmU-NoZUFSkvfU95yCw&s,,,"$450,000",,"$750,000"
825,Brynner Waiolama,RHP,Iowa Western,C,,,,,,"$750,000"
826,Ryan Schwartz,C/OF,Kentucky,C,,,,,,"$750,000"
827,Zack Konstantinovsky,RHP,Rutgers,C,,,,,,"$750,000"
828,Drew Dickerson,OF/3B,Oklahoma,C,,,,,,"$750,000"
829,Riley Jackson,C,Houston,C,,,,,,
830,John Martinez,SS,Florida Atlantic,C,,,,,,"$750,000"
831,Trenton Lape,3B,Chipola,C,,,,,,"$750,000"
832,Aiden Smith,RHP,Shelbyville,H,,,,"$450,000",,"$750,000"
833,Zach Wadas,1B,Loyola Marymount,C,,,,,,
834,Owen Sarna,RHP,Winthrop,C,,,,,,"$750,000"
835,John David Alexander,OF,Barbe,H,,,,"$450,000",,
836,Quinn Larson,RHP,California,C,,,,,,"$750,000"
837,Camden Wicker,RHP,LSU,C,,,,,,"$750,000"
838,Dawson Bryce,3B,Charlotte,C,,,,,,"$750,000"
839,Bryce Johnson,RHP,Washington,C,,,,,,"$750,000"
840,Ryan Jaros,3B,NC State,C,,,,,,"$750,000"
841,Derrick Mitchell,OF,Austin Peay,C,,,,,,"$750,000"
842,Dallas Dale II,OF,Pensacola State,C,,,,,,
843,Lance Williams,RHP,Maryland,C,,,,,,
844,Brayden Marx,RHP,BYU,C,,,,,,"$750,000"
845,Evan Haeger,OF,Houston,C,,,,,,"$750,000"
846,Duce Robinson,OF,Florida State,C,,,,,,
847,Isaac Armstrong,2B/SS,East Carolina,C,,,,,,
848,Holden Brauner,OF,Tennessee,C,,,,,,"$750,000"
849,JJ Glasscock,RHP,West Virginia,C,,,,,,
850,Hudson Rowen,LHP,Florida State,C,,,,,,
851,Garet Boehm,3B,Texas Tech,C,,,,,,"$750,000"
852,Ryan Bakes,C/OF,Illinois State,C,,,,,,
853,Lawson Mcleod,RHP,Trinity Episcopal,H,,,,"$450,000",,"$750,000"
854,Jace Hyde,RHP,East Tennessee State,C,,,,,,
855,Camden Sos,3B,Santa Clara,C,,,,,,"$750,000"
856,Bradley Link,RHP,Pensacola State,C,,,,,,"$750,000"
857,Jaxon Lucas,SS/RHP,NC State,C,,,,,,
858,Brett Denby,SS,Wright State,C,,,,,,
859,Diego Luzardo,RHP,Houston,C,,,,,,
860,Sean Griggs,3B,Stetson,C,,,,,,
861,Carson Liedel,RHP,Monroe,H,,,,"$450,000",,
862,Brandon Olivera,RHP,Miami,C,,,,,,"$750,000"
863,Jacob Gomberg,LHP,Florida,C,,,,,,
864,Gavin Devooght,RHP,Michigan,C,,,,,,"$750,000"
865,Nik Sanders,C,Grayson,C,,,,,,"$750,000"
866,Matthew Scott II,OF,Oregon,C,,,,,,"$750,000"
867,Erik Hoffberg,RHP,Gonzaga,C,,,,,,"$750,000"
868,Chris Hernandez,RHP,Cal State Fullerton,C,,,,,,
869,David Hogg II,3B,Kansas,C,,,,,,"$750,000"
870,Hunter Harrington,OF,Cathedral Catholic,H,,,,"$450,000",,
871,Carl Schmidt,OF/3B,California,C,,,,,,"$750,000"
872,Landon Stump,RHP,UCLA,C,,,,,,
873,Trenton Lyons,3B,Kennesaw State,C,,,,,,
874,Osiah Kelley,RHP,Sussex Central,H,,,,"$450,000",,
875,Eddie Copper III,RHP,South Carolina,C,,,,,,
876,Jaser Arms,OF,McMin County,H,,,,"$450,000",,
877,Sebastian David,SS,Stanford,C,,,,,,"$750,000"
878,Austin Schrowe,LHP,Florida Gulf Coast,C,,,,,,"$750,000"
879,Martavius Thomas,OF,Grambling,C,,,,,,"$750,000"
880,Chance Fitzgerald,RHP,Clemson,C,,,,,,"$750,000"
881,Jonah Conradt,RHP,Arkansas,C,,,,,,"$750,000"
882,Sammy Kane,RHP/SS,Jesuit,H,,,,"$450,000",,"$750,000"
883,Braylon Nelson,SS,Pensacola Catholic,H,,,,"$450,000",,"$750,000"
884,Jorge Valdes,OF,West Virginia,C,,,,,,"$750,000"
885,Johnathan Rogers,RHP,Louisiana-Lafayette,C,,,,,,"$750,000"
886,Keegan Matson,RHP,Eastlake,H,,,,"$450,000",,"$750,000"
887,Riley Cuddy,OF,Middle Creek,H,,,,"$450,000",,"$750,000"
888,Sam Erickson,OF,Texas A&M,C,,,,,,"$750,000"
889,Logan Sorrel,RHP,The Dunham School,H,,,,"$450,000",,"$750,000"
890,Colton Guillot,SS,Pensacola Catholic,H,,,,"$450,000",,"$750,000"
891,Brett Antolick,RHP,Texas A&M,C,,,,,,"$750,000"
892,Callaghan O'Connor,SS,Bishop McNamara,H,,,,"$450,000",,"$750,000"
893,Hayden Morris,RHP,No School,C,,,,,,"$750,000"
894,Gary Gibson II,RHP,Sayre,H,,,,"$450,000",,"$750,000"
895,Jaxon Walker,OF,Tennessee,C,,,,,,"$750,000"
896,Gavin Lyons,RHP,Texas A&M,C,,,,,,"$750,000"
897,John Dolan,C,Hargrave Huffman,H,,,,"$450,000",,"$750,000"
898,Ezekiel Lara,OF,Mater Dei,H,,,,"$450,000",,"$750,000"
899,Gavin Hottle,SS,Orange Lutheran,H,,,,"$450,000",,"$750,000"
900,Ethan Armstrong,RHP,Garden City,H,,,,"$450,000",,"$750,000"
901,John Pearson,1B/OF,LSU,C,,,,,,
902,Will Holden,C,West Forsyth,H,,,,"$450,000",,
903,Bradley Stewart,LHP,Georgia,C,,,,,,
904,Blake Wilson,2B,Washington,C,,,,,,
905,Cole Van Assen,RHP,Purdue,C,,,,,,
906,Mason Horwat,RHP,Penn State,C,,,,,,
907,Mills Carrillo,RHP,Wesley Chapel,H,,,,"$450,000",,
908,Gavin Taylor,C/1B,Los Angeles Valley College,C,,,,,,
909,Trevyn Turner,RHP,Summer Creek,H,,,,"$450,000",,
910,Raymond Ladd,RHP,Radford,C,,,,,,
911,Bradyn Garner,LHP,West Monroe,H,,,,"$450,000",,
912,Ethan Rathmann,OF,Olympia,H,,,,"$450,000",,
913,Braxton Barber,OF,Jesuit College Prep,H,,,,"$450,000",,
914,Wes Peterson,RHP,Menlo-Atherton,H,,,,"$450,000",,
915,Branson Crawford,C,Gainesville,H,,,,"$450,000",,
916,Matthew Conte,C,Wake Forest,C,,,,,,
917,Augie Lopez,C,Southern California,C,,,,,,
918,Robert Demetree,3B,UCF,C,,,,,,
919,Kolt Myers,3B,Florida,C,,,,,,
920,Jordan Stribling,LHP,Oklahoma,C,,,,,,
921,Trotter Enright,SS,Long Beach State,C,,,,,,
922,Daniel Arambula,2B,Utah,C,,,,,,
923,Landon Young,2B,Washington,C,,,,,,
924,Tanner Waldrop,C,Auburn,C,,,,,,
925,Truitt Manuel,RHP,NC State,C,,,,,,
926,Cole Hansen,C,Cal Baptist,C,,,,,,
927,Cole Cleveland,OF,Florida International,C,,,,,,
928,Anthony Tralongo,3B,Barry,C,,,,,,
929,Matthew Champion,RHP,Loyola Marymount,C,,,,,,
930,Jake Gregor,RHP,Louisville,C,,,,,,
931,Jack Frankel,RHP,Tulane,C,,,,,,
932,Marc Hersh,C,Florida International,C,,,,,,
933,Connor Chicoli,RHP,Georgia Tech,C,,,,,,
934,Drew Rogers,C,Georgia Tech,C,,,,,,
935,Thorpe Musci,RHP,Georgia Tech,C,,,,,,
936,Treyton Swygart,1B/RHP,Portland,C,,,,,,
937,AJ DePaolo,C,Vanderbilt,C,,,,,,
938,Chris Newstrom,C/OF,Tennessee,C,,,,,,
939,Murchael Turner,OF,Long Beach State,C,,,,,,
940,Brody Landgraf,1B,Columbia,H,,,,"$450,000",,
941,Alex Edisis,1B,Elite Squad Academy,H,,,,"$450,000",,
942,Wyatt Shelley,1B,Headland,H,,,,"$450,000",,
943,Hayden Sharp,1B,Lee's Summit West,H,,,,"$450,000",,
944,Brooks Crawley,1B,Northwest Rankin,H,,,,"$450,000",,
945,Jalen Moton,1B,Pensacola Catholic,H,,,,"$450,000",,
946,Johnny Carver,1B,Ray-Pec,H,,,,"$450,000",,
947,Justin Romero,1B,South Hills,H,,,,"$450,000",,
948,Tyler Ellis,1B,Trinity Christian Academy,H,,,,"$450,000",,
949,Charlie Delp,1B,West Forsyth,H,,,,"$450,000",,
950,GT Taylor,2B,Christian Brothers College,H,,,,"$450,000",,
951,Justin Lopez,2B,Orange Lutheran,H,,,,"$450,000",,
952,Jake Winger,3B,McCutcheon,H,,,,"$450,000",,
953,Kayden Campbell,3B,Pope,H,,,,"$450,000",,
954,Conner Cuozzo,3B,Archbishop Moeller,H,,,,"$450,000",,
955,Braden Caito,3B,Creighton Prep,H,,,,"$450,000",,
956,Bryce Pauly,3B,Davenport North,H,,,,"$450,000",,
957,Maddox Burnett,3B,Erie,H,,,,"$450,000",,
958,Brendan Pyle,3B,Fort Zumwalt East,H,,,,"$450,000",,
959,Lucas Cannady,3B,Lincoln,H,,,,"$450,000",,
960,Jordan Johnson,3B,Loganville,H,,,,"$450,000",,
961,Hudson Reed,3B,Morgan County,H,,,,"$450,000",,
962,Kellen Smith,3B,South Johnston,H,,,,"$450,000",,
963,Christian Sheffield,3B,Tampa Prep,H,,,,"$450,000",,
964,Trenton Hertzog,3B,Tigard,H,,,,"$450,000",,
965,Connor Quill,3B,Tuscarora,H,,,,"$450,000",,
966,Stephen Crater,3B,Wake Forest,H,,,,"$450,000",,
967,Cache Poulson,C,American Fork,H,,,,"$450,000",,
968,Bradley Mccafferty,C,Austin Prep,H,,,,"$450,000",,
969,Jesiah Andrade,C,Corona,H,,,,"$450,000",,
970,Addison Latko,C,DePaul College Prep,H,,,,"$450,000",,
971,Banks Wickersham,C,Fort Dorchester,H,,,,"$450,000",,
972,Braeden Lipoff,C,Gloucester Catholic,H,,,,"$450,000",,
973,Gianni Corral,C,Grapevine,H,,,,"$450,000",,
974,Devin Diaz,C,Iona Prep,H,,,,"$450,000",,
975,Kolt Larsen,C,Lufkin Hudson,H,,,,"$450,000",,
976,Brooks Berry,C,McMinn County,H,,,,"$450,000",,
977,Reed Robinson,C,New Prairie,H,,,,"$450,000",,
978,Max Heineman,C,Normal University,H,,,,"$450,000",,
979,Taye Thierman,C,Okotoks Dawgs Academy,H,,,,"$450,000",,
980,Addison Rowland,C,Palisades,H,,,,"$450,000",,
981,Alex D'Angelo,C,Ridgewood,H,,,,"$450,000",,
982,Jeffrey Claycomb,C,Rowlett,H,,,,"$450,000",,
983,Warren Gravely,C,Santa Margarita Catholic,H,,,,"$450,000",,
984,Gino Cappellazzo,C,St. Francis,H,,,,"$450,000",,
985,Gage Petrutz,C,Trinity Christian,H,,,,"$450,000",,
986,Keaton Mathis,C,Valley View,H,,,,"$450,000",,
987,Kason Kolle,C,Victoria East,H,,,,"$450,000",,
988,Carson Michael,C,West Davidson,H,,,,"$450,000",,
989,Brett Harris,C,Western Dubuque,H,,,,"$450,000",,
990,Cohen Bohannon,LHP,Allatoona High School,H,,,,"$450,000",,
991,Spencer Krasner,LHP,American Heritage,H,,,,"$450,000",,
992,Diego Becerra,LHP,Cambridge,H,,,,"$450,000",,
993,Grant Mehrhoff,LHP,CBC,H,,,,"$450,000",,
994,Logan Buckley,LHP,Columbia,H,,,,"$450,000",,
995,OB Osceola III,LHP,Community School of Naples,H,,,,"$450,000",,
996,AJ Saccento,LHP,Delbarton,H,,,,"$450,000",,
997,Jameson Napper,LHP,Grace Christian Academy,H,,,,"$450,000",,
998,Ethan Trivison,LHP,Jupiter,H,,,,"$450,000",,
999,Harper Heathcott,LHP,Lake Creek,H,,,,"$450,000",,
1000,Landon Thiel,LHP,Massillon Jackson,H,,,,"$450,000",,
1001,Beckett Doane,LHP,Noblesville,H,,,,"$450,000",,
1002,Drew Hauenstein,LHP,Olentangy Liberty,H,,,,"$450,000",,
1003,Kooper Ranallo,LHP,Owasso,H,,,,"$450,000",,
1004,Cole Mclean,LHP,Taylor County,H,,,,"$450,000",,
1005,Kerrick Shannon,LHP,The Hun School of Princeton,H,,,,"$450,000",,
1006,Trenton Ramsey,LHP,Trinity Catholic,H,,,,"$450,000",,
1007,Jael Castillo,LHP,Wakefield,H,,,,"$450,000",,
1008,Aaron Hernandez,LHP,Westminster Christian,H,,,,"$450,000",,
1009,Owen Green,OF,Ardrey Kell,H,,,,"$450,000",,
1010,Chandler Taylor,OF,Badin,H,,,,"$450,000",,
1011,Colin Ulrich,OF,Bishop Kenny,H,,,,"$450,000",,
1012,Drake Bentke,OF,Brenham,H,,,,"$450,000",,
1013,Ayden Lockett,OF,Buford,H,,,,"$450,000",,
1014,Tyce Smith,OF,Cherry Creek,H,,,,"$450,000",,
1015,Charlie Ziola,OF,Creighton Prep,H,,,,"$450,000",,
1016,Geno Goralski,OF,Denmark,H,,,,"$450,000",,
1017,Michael Hanna,OF,Don Bosco Prep,H,,,,"$450,000",,
1018,Ritson Meyer,OF,Elgin,H,,,,"$450,000",,
1019,David Ojeda,OF,Flowery Branch,H,,,,"$450,000",,
1020,Bryce Morrison,OF,Gahr,H,,,,"$450,000",,
1021,Benjamin Ball,OF,Hamilton,H,,,,"$450,000",,
1022,Ethan Trahan,OF,Horizon,H,,,,"$450,000",,
1023,Colt DeHart,OF,Indian Creek,H,,,,"$450,000",,
1024,Cannon Murtagh,OF,Jesuit High School,H,,,,"$450,000",,
1025,Takashi Rutherford,OF,JSerra Catholic,H,,,,"$450,000",,
1026,Zayne Hookala,OF,Kailua,H,,,,"$450,000",,
1027,Matthew Franatovich,OF,Lambert,H,,,,"$450,000",,
1028,Jack Poole,OF,Madison-Ridgeland Academy,H,,,,"$450,000",,
,Cooper Sheff,3B,UNLV,C,,,,,,
,Caden Mitchell,C,Weatherford,C,,,,,,
,Toby Twist,LHP,Oregon State,C,,,,,,
,Mason Green,LHP,Baylor,C,,,,,,
,Dylan Loy,LHP,Georgia Tech,C,,,,,,
,Brady Louck,LHP,Florida State,C,,,,,,
,Elliott Cadieux-Lanoue,LHP,Iowa,C,,,,,,
,Tanner Griffith,OF,Saint Mary's,C,https://images.sidearmdev.com/crop?url=https%3A%2F%2Fdxbhsrqyrr690.cloudfront.net%2Fsidearm.nextgen.sites%2Fsmcgaels.com%2Fimages%2F2026%2F1%2F28%2FTanner_Griffith_Cropped_HS.png&width=180&height=270&type=webp,,,,,
,Dallis Moran,RHP,Stetson,C,https://pbs.twimg.com/profile_images/1748764901055553536/bbVNVuza_400x400.jpg,,,,,
,Cole Selvig,RHP,Minnesota,C,,,,,,
,Daren Barrera,RHP,UT Rio Grande,C,,,,,,
,Garrett Lambert,RHP,Mercer,C,,,,,,
,Josh Donegan,RHP,Long Beach State,C,,,,,,
,Ryan Geraghty,RHP,Jacksonville State,C,,,,,,
,Jett Johnston,RHP,Auburn,C,,,,,,
,Wyatt Danilowicz,RHP,Louisville,C,,,,,,
,Kyle Morrison,2B,Southern Miss,C,,,,,,
,Chris Billingsley Jr.,RHP, Mississippi State,C,,,,,,
,Brady Neal,C,Alabama,C,,,,,,
,Jake Rizzo,OF,Marjory Stoneman Douglas,H,,,,"$450,000",,
,Caden Throneberry,OF,Marquette,H,,,,"$450,000",,
,Logan D'Amico,OF,Marvin Ridge,H,,,,"$450,000",,
,William Myhand,OF,Mill Creek,H,,,,"$450,000",,
,Mandela Browman,OF,Miller School,H,,,,"$450,000",,
,Mylo White,OF,Palisades,H,,,,"$450,000",,
,Rocco Marriott,OF,Platte County,H,,,,"$450,000",,
,Hunter Rose,OF,Pleasant Grove,H,,,,"$450,000",,
,Colton Haire,OF,Pro5 Baseball Academy,H,,,,"$450,000",,
,Luke Paciorek,OF,Ravenwood,H,,,,"$450,000",,
,Eli Livingston,OF,St Paul's,H,,,,"$450,000",,
,Oscar Hickey,OF,St. Anne's-Belfield,H,,,,"$450,000",,
,Tyler VanSumeren,OF,Tift County,H,,,,"$450,000",,
,Randy Ruiz,OF,Windermere,H,,,,"$450,000",,
,Mason Jones,OF,Yulee,H,,,,"$450,000",,
,Owen Horrell,RHP,A&M Consolidated,H,,,,"$450,000",,
,Daniel Giuliani,RHP,A3 Academy,H,,,,"$450,000",,
,Ryan Christiansen,RHP,Apple Valley,H,,,,"$450,000",,
,Ryan Fuller,RHP,Avon Grove,H,,,,"$450,000",,
,Jason Kruczek,RHP,Bishop O'Connell,H,,,,"$450,000",,
,Luke Manderson,RHP,Bolles,H,,,,"$450,000",,
,Kyle Krause,RHP,Buford,H,,,,"$450,000",,
,Graham Schlicht,RHP,Campolindo,H,,,,"$450,000",,
,Jathan Spain,RHP,Cape Central,H,,,,"$450,000",,
,Matthew Neufeld,RHP,Cardinal Carter,H,,,,"$450,000",,
,Kobe Cherry,RHP,Center Grove,H,,,,"$450,000",,
,Kellen Thomson,RHP,Center Grove High School,H,,,,"$450,000",,
,Carson Munroe,RHP,Chaparral,H,,,,"$450,000",,
,Grant Hill,RHP,Chelsea,H,,,,"$450,000",,
,Jack Curtis,RHP,Chenango Forks,H,,,,"$450,000",,
,Eli Dickey,RHP,Christ Presbyterian,H,,,,"$450,000",,
,Mateo Villanueva,RHP,Coronado,H,,,,"$450,000",,
,Christopher Marano,RHP,DePaul Catholic,H,,,,"$450,000",,
,Ethan Lee,RHP,Don Bosco Prep,H,,,,"$450,000",,
,Anthony Eberlin,RHP,Edwardsville,H,,,,"$450,000",,
,Aaron Jaquez,RHP,Falcon,H,,,,"$450,000",,
,Dylan Curtis,RHP,Francis Howell,H,,,,"$450,000",,
,Jake Brettschneider,RHP,Francis Howell,H,,,,"$450,000",,
,Ben Schulman,RHP,Horace Greeley,H,,,,"$450,000",,
,Gavin Clark,RHP,Jackson,H,,,,"$450,000",,
,Adam Riley,RHP,Jo Byrns,H,,,,"$450,000",,
,Brighton Fontaine,RHP,LaSalle College,H,,,,"$450,000",,
,Tyler Houston,RHP,Legend,H,,,,"$450,000",,
,Logan Schultz,RHP,Marcus,H,,,,"$450,000",,
,Noah Spalding,RHP,Marion County,H,,,,"$450,000",,
,Rhys Wolf,RHP,Martinsville,H,,,,"$450,000",,
,Kaden Jominy,RHP,Mattawan,H,,,,"$450,000",,
,Garrett Shapiro,RHP,Millville,H,,,,"$450,000",,
,Reece Grodeman,RHP,Model,H,,,,"$450,000",,
,Caleb Johns,RHP,New Berlin Eisenhower,H,,,,"$450,000",,
,Gavin Swartz,RHP,Normal University,H,,,,"$450,000",,
,Milo Burton,RHP,Olathe East,H,,,,"$450,000",,
,Blake Killinger,RHP,Orange Lutheran,H,,,,"$450,000",,
,Mason Henry,RHP,Pleasant Grove,H,,,,"$450,000",,
,James Gibbons,RHP,Roxbury Latin,H,,,,"$450,000",,
,Alexander Moreno,RHP,Sachse,H,,,,"$450,000",,
,Ty Van Valkenburg,RHP,Saugerties,H,,,,"$450,000",,
,Griffin Loy,RHP,Somerset,H,,,,"$450,000",,
,Carson Adomnik,RHP,South Paulding,H,,,,"$450,000",,
,Paddy Roth,RHP,St. Patrick,H,,,,"$450,000",,
,Landen Jones,RHP,Strom Thurmond,H,,,,"$450,000",,
,Jashaun Moten,RHP,Tuscaloosa County,H,,,,"$450,000",,
,Ty Mobley,RHP,Washington County,H,,,,"$450,000",,
,Kayden McGlauflin,RHP,Weddington,H,,,,"$450,000",,
,Jimmy Huard,RHP,Western,H,,,,"$450,000",,
,Beckham Stanger,RHP,Woods Cross,H,,,,"$450,000",,
,Teddy Stephenson,SS,Bangor,H,,,,"$450,000",,
,Tyler Lomas,SS,Bishop Moore,H,,,,"$450,000",,
,Ronin McCraw,SS,Concordia Lutheran,H,,,,"$450,000",,
,Luke Nitkowski,SS,Creekview,H,,,,"$450,000",,
,Cooper Kardokus,SS,Edmond Memorial,H,,,,"$450,000",,
,Hunter Baugh,SS,Edwardsville,H,,,,"$450,000",,
,Macen Collura,SS,Faith Lutheran,H,,,,"$450,000",,
,Nolan Sissom,SS,Fort Zumwalt West,H,,,,"$450,000",,
,Andres Gonzalez,SS,Gahr,H,,,,"$450,000",,
,Jax Sparks,SS,Hardin Valley Academy,H,,,,"$450,000",,
,Taylor Fuller,SS,Holy Innocents Episcopal School,H,,,,"$450,000",,
,Taylor Haddock,SS,Jesuit College Prep,H,,,,"$450,000",,
,Marcus Greis,SS,JSerra,H,,,,"$450,000",,
,Lawson Behan,SS,Lamar,H,,,,"$450,000",,
,Marcus Cantu,SS,Lutheran South Academy,H,,,,"$450,000",,
,Hudson Morgan,SS,Marlow,H,,,,"$450,000",,
,Tayden Ka'awa,SS,Moanalua,H,,,,"$450,000",,
,Calvin Moreau,SS,Monona Grove,H,,,,"$450,000",,
,Joey Ireland,SS,Mount Carmel,H,,,,"$450,000",,
,Aiden Reynolds,SS,Noblesville,H,,,,"$450,000",,
,Jacob Webster,SS,Oak Hills,H,,,,"$450,000",,
,Hudson Brzustewicz,SS,Orchard Lake St. Mary's,H,,,,"$450,000",,
,Evan Hampton,SS,Owensboro,H,,,,"$450,000",,
,Eli Curtis,SS,Port Neches- Groves,H,,,,"$450,000",,
,Joshua Viars,SS,Prosper Walnut Grove,H,,,,"$450,000",,
,Kahaku Harrison,SS,Punahou,H,,,,"$450,000",,
,Mason Wilson,SS,Randolph,H,,,,"$450,000",,
,Justin San Miguel,SS,Resurrection Catholic,H,,,,"$450,000",,
,William Cutshall,SS,Seneca High,H,,,,"$450,000",,
,Meridian Leffew,SS,South Point,H,,,,"$450,000",,
,Justin Word,SS,St. Andrew's Episcopal,H,,,,"$450,000",,
,Juan Araujo,SS,Sunshine State,H,,,,"$450,000",,
,Nate Millington,SS,Terre Haute North,H,,,,"$450,000",,
,Yavier Rosendo,SS,TNXL Academy,H,,,,"$450,000",,
,Matias Fischer,SS,True North Classic,H,,,,"$450,000",,
,Garrett Luett,SS,Underwood,H,,,,"$450,000",,
,David Bernstine,SS,Vallejo,H,,,,"$450,000",,
,Trent Gill,SS,Valparaiso,H,,,,"$450,000",,
,Chase Pearrow,SS,Waxahachie,H,,,,"$450,000",,
,Colton Sweat,SS,West Forsyth,H,,,,"$450,000",,
,Jory Crocker,SS,Willowbrook,H,,,,"$450,000",,
,Tripp Hannah,SS,Yulee,H,,,,"$450,000",,